[0m12:44:06.148260 [debug] [MainThread]: Sending event: {'category': 'dbt', 'action': 'invocation', 'label': 'start', 'context': [<snowplow_tracker.self_describing_json.SelfDescribingJson object at 0x000001BF19098D70>, <snowplow_tracker.self_describing_json.SelfDescribingJson object at 0x000001BF1690D1D0>, <snowplow_tracker.self_describing_json.SelfDescribingJson object at 0x000001BF1B92F9D0>]}


============================== 12:44:06.156946 | bae37a26-fdd3-4ea7-b1c8-29a675da8aa0 ==============================
[0m12:44:06.156946 [info ] [MainThread]: Running with dbt=1.12.0
[0m12:44:06.157801 [debug] [MainThread]: running dbt with arguments {'static_parser': 'True', 'no_print': 'None', 'version_check': 'True', 'target_path': 'None', 'maximum_seed_size_mib': '1', 'warn_error_options': 'WarnErrorOptionsV2(error=[], warn=[], silence=[])', 'printer_width': '80', 'write_json': 'True', 'introspect': 'True', 'log_cache_events': 'False', 'empty': 'None', 'cache_selected_only': 'False', 'log_format': 'default', 'debug': 'False', 'fail_fast': 'False', 'partial_parse': 'True', 'send_anonymous_usage_stats': 'True', 'quiet': 'False', 'warn_error': 'None', 'profiles_dir': 'C:\\Users\\Ian\\OneDrive\\Área de Trabalho\\DW_PROJECT\\2_data_warehouse\\dw_bootcamp', 'indirect_selection': 'eager', 'hints_enabled': 'True', 'invocation_command': 'dbt debug', 'use_experimental_parser': 'False', 'use_colors': 'True', 'log_path': 'logs'}
[0m12:44:06.283062 [info ] [MainThread]: dbt version: 1.12.0
[0m12:44:06.284078 [info ] [MainThread]: python version: 3.14.6
[0m12:44:06.284900 [info ] [MainThread]: python path: C:\Users\Ian\OneDrive\Área de Trabalho\DW_PROJECT\1_local_setup\.venv\Scripts\python.exe
[0m12:44:06.286531 [info ] [MainThread]: os info: Windows-11-10.0.26200-SP0
[0m12:44:06.690077 [info ] [MainThread]: Using profiles dir at C:\Users\Ian\OneDrive\Área de Trabalho\DW_PROJECT\2_data_warehouse\dw_bootcamp
[0m12:44:06.691352 [info ] [MainThread]: Using profiles.yml file at C:\Users\Ian\OneDrive\Área de Trabalho\DW_PROJECT\2_data_warehouse\dw_bootcamp\profiles.yml
[0m12:44:06.691875 [info ] [MainThread]: Using dbt_project.yml file at C:\Users\Ian\OneDrive\Área de Trabalho\DW_PROJECT\2_data_warehouse\dw_bootcamp\dbt_project.yml
[0m12:44:06.694380 [info ] [MainThread]: adapter type: postgres
[0m12:44:06.694895 [info ] [MainThread]: adapter version: 1.11.0
[0m12:44:06.695774 [info ] [MainThread]: Configuration:
[0m12:44:06.696132 [info ] [MainThread]:   profiles.yml file [[32mOK found and valid[0m]
[0m12:44:06.696489 [info ] [MainThread]:   dbt_project.yml file [[31mERROR invalid[0m]
[0m12:44:06.696834 [info ] [MainThread]: Required dependencies:
[0m12:44:06.697227 [debug] [MainThread]: Executing "git --help"
[0m12:44:06.746736 [debug] [MainThread]: STDOUT: "b"usage: git [-v | --version] [-h | --help] [-C <path>] [-c <name>=<value>]\n           [--exec-path[=<path>]] [--html-path] [--man-path] [--info-path]\n           [-p | --paginate | -P | --no-pager] [--no-replace-objects] [--no-lazy-fetch]\n           [--no-optional-locks] [--no-advice] [--bare] [--git-dir=<path>]\n           [--work-tree=<path>] [--namespace=<name>] [--config-env=<name>=<envvar>]\n           <command> [<args>]\n\nThese are common Git commands used in various situations:\n\nstart a working area (see also: git help tutorial)\n   clone      Clone a repository into a new directory\n   init       Create an empty Git repository or reinitialize an existing one\n\nwork on the current change (see also: git help everyday)\n   add        Add file contents to the index\n   mv         Move or rename a file, a directory, or a symlink\n   restore    Restore working tree files\n   rm         Remove files from the working tree and from the index\n\nexamine the history and state (see also: git help revisions)\n   bisect     Use binary search to find the commit that introduced a bug\n   diff       Show changes between commits, commit and working tree, etc\n   grep       Print lines matching a pattern\n   log        Show commit logs\n   show       Show various types of objects\n   status     Show the working tree status\n\ngrow, mark and tweak your common history\n   backfill   Download missing objects in a partial clone\n   branch     List, create, or delete branches\n   commit     Record changes to the repository\n   history    EXPERIMENTAL: Rewrite history\n   merge      Join two or more development histories together\n   rebase     Reapply commits on top of another base tip\n   reset      Set `HEAD` or the index to a known state\n   switch     Switch branches\n   tag        Create, list, delete or verify tags\n\ncollaborate (see also: git help workflows)\n   fetch      Download objects and refs from another repository\n   pull       Fetch from and integrate with another repository or a local branch\n   push       Update remote refs along with associated objects\n\n'git help -a' and 'git help -g' list available subcommands and some\nconcept guides. See 'git help <command>' or 'git help <concept>'\nto read about a specific subcommand or concept.\nSee 'git help git' for an overview of the system.\n""
[0m12:44:06.747214 [debug] [MainThread]: STDERR: "b''"
[0m12:44:06.747604 [info ] [MainThread]:  - git [[32mOK found[0m]

[0m12:44:06.748028 [info ] [MainThread]: Connection:
[0m12:44:06.748464 [info ] [MainThread]:   host: localhost
[0m12:44:06.748825 [info ] [MainThread]:   port: 5433
[0m12:44:06.749165 [info ] [MainThread]:   user: postgres
[0m12:44:06.749492 [info ] [MainThread]:   database: dbt_db
[0m12:44:06.749839 [info ] [MainThread]:   schema: public
[0m12:44:06.750215 [info ] [MainThread]:   connect_timeout: 10
[0m12:44:06.750777 [info ] [MainThread]:   role: None
[0m12:44:06.751337 [info ] [MainThread]:   search_path: None
[0m12:44:06.751787 [info ] [MainThread]:   keepalives_idle: 0
[0m12:44:06.752216 [info ] [MainThread]:   sslmode: None
[0m12:44:06.753095 [info ] [MainThread]:   sslcert: None
[0m12:44:06.754272 [info ] [MainThread]:   sslkey: None
[0m12:44:06.755662 [info ] [MainThread]:   sslrootcert: None
[0m12:44:06.757316 [info ] [MainThread]:   application_name: dbt
[0m12:44:06.757981 [info ] [MainThread]:   autocommit: False
[0m12:44:06.758447 [info ] [MainThread]:   retries: 1
[0m12:44:06.759234 [info ] [MainThread]: Registered adapter: postgres=1.11.0
[0m12:44:07.610406 [debug] [MainThread]: Acquiring new postgres connection 'debug'
[0m12:44:12.358912 [debug] [MainThread]: Using postgres connection "debug"
[0m12:44:12.359506 [debug] [MainThread]: On debug: select 1 as id
[0m12:44:12.360029 [debug] [MainThread]: Opening a new connection, currently in state init
[0m12:44:16.437020 [debug] [MainThread]: Postgres adapter: Got a retryable error when attempting to open a postgres connection.
1 attempts remaining. Retrying in 0 seconds.
Error:
connection to server at "localhost" (::1), port 5433 failed: Connection refused (0x0000274D/10061)
	Is the server running on that host and accepting TCP/IP connections?
connection to server at "localhost" (127.0.0.1), port 5433 failed: Connection refused (0x0000274D/10061)
	Is the server running on that host and accepting TCP/IP connections?

[0m12:44:20.500588 [debug] [MainThread]: Postgres adapter: Error running SQL: select 1 as id
[0m12:44:20.501211 [debug] [MainThread]: Postgres adapter: Rolling back transaction.
[0m12:44:20.501578 [debug] [MainThread]: On debug: No close available on handle
[0m12:44:20.501907 [info ] [MainThread]:   Connection test: [[31mERROR[0m]

[0m12:44:20.502369 [info ] [MainThread]: [31m2 checks failed:[0m
[0m12:44:20.502759 [info ] [MainThread]: Project loading failed for the following reason:
Runtime Error
  dbt_project.yml does not parse to a dictionary


[0m12:44:20.503153 [info ] [MainThread]: dbt was unable to connect to the specified database.
The database returned the following error:

  >Database Error
  connection to server at "localhost" (::1), port 5433 failed: Connection refused (0x0000274D/10061)
  	Is the server running on that host and accepting TCP/IP connections?
  connection to server at "localhost" (127.0.0.1), port 5433 failed: Connection refused (0x0000274D/10061)
  	Is the server running on that host and accepting TCP/IP connections?
  

Check your database credentials and try again. For more information, visit:
https://docs.getdbt.com/docs/configure-your-profile


[0m12:44:20.504209 [debug] [MainThread]: Command `dbt debug` failed at 12:44:20.504084 after 14.89 seconds
[0m12:44:20.504545 [debug] [MainThread]: Connection 'debug' was properly closed.
[0m12:44:20.504872 [debug] [MainThread]: Sending event: {'category': 'dbt', 'action': 'invocation', 'label': 'end', 'context': [<snowplow_tracker.self_describing_json.SelfDescribingJson object at 0x000001BF1C1883E0>, <snowplow_tracker.self_describing_json.SelfDescribingJson object at 0x000001BF1BADA8D0>, <snowplow_tracker.self_describing_json.SelfDescribingJson object at 0x000001BF1B9AB240>]}
[0m12:44:20.505277 [debug] [MainThread]: Flushing usage events
[0m12:44:21.275640 [debug] [MainThread]: An error was encountered while trying to flush usage events
[0m12:50:46.090416 [debug] [MainThread]: Sending event: {'category': 'dbt', 'action': 'invocation', 'label': 'start', 'context': [<snowplow_tracker.self_describing_json.SelfDescribingJson object at 0x00000201286B8D70>, <snowplow_tracker.self_describing_json.SelfDescribingJson object at 0x0000020125F2D1D0>, <snowplow_tracker.self_describing_json.SelfDescribingJson object at 0x000002012AF4F9D0>]}


============================== 12:50:46.096165 | 119a9a83-aeac-4867-a4a6-88ab82366c38 ==============================
[0m12:50:46.096165 [info ] [MainThread]: Running with dbt=1.12.0
[0m12:50:46.096873 [debug] [MainThread]: running dbt with arguments {'version_check': 'True', 'no_print': 'None', 'static_parser': 'True', 'target_path': 'None', 'warn_error_options': 'WarnErrorOptionsV2(error=[], warn=[], silence=[])', 'maximum_seed_size_mib': '1', 'printer_width': '80', 'write_json': 'True', 'empty': 'None', 'log_cache_events': 'False', 'introspect': 'True', 'cache_selected_only': 'False', 'fail_fast': 'False', 'debug': 'False', 'log_format': 'default', 'profiles_dir': 'C:\\Users\\Ian\\OneDrive\\Área de Trabalho\\DW_PROJECT\\2_data_warehouse\\dw_bootcamp', 'send_anonymous_usage_stats': 'True', 'quiet': 'False', 'warn_error': 'None', 'partial_parse': 'True', 'indirect_selection': 'eager', 'hints_enabled': 'True', 'use_colors': 'True', 'use_experimental_parser': 'False', 'invocation_command': 'dbt debug', 'log_path': 'C:\\Users\\Ian\\OneDrive\\Área de Trabalho\\DW_PROJECT\\2_data_warehouse\\dw_bootcamp\\logs'}
[0m12:50:46.120518 [info ] [MainThread]: dbt version: 1.12.0
[0m12:50:46.121136 [info ] [MainThread]: python version: 3.14.6
[0m12:50:46.121596 [info ] [MainThread]: python path: C:\Users\Ian\OneDrive\Área de Trabalho\DW_PROJECT\1_local_setup\.venv\Scripts\python.exe
[0m12:50:46.122038 [info ] [MainThread]: os info: Windows-11-10.0.26200-SP0
[0m12:50:46.193858 [info ] [MainThread]: Using profiles dir at C:\Users\Ian\OneDrive\Área de Trabalho\DW_PROJECT\2_data_warehouse\dw_bootcamp
[0m12:50:46.194578 [info ] [MainThread]: Using profiles.yml file at C:\Users\Ian\OneDrive\Área de Trabalho\DW_PROJECT\2_data_warehouse\dw_bootcamp\profiles.yml
[0m12:50:46.195126 [info ] [MainThread]: Using dbt_project.yml file at C:\Users\Ian\OneDrive\Área de Trabalho\DW_PROJECT\2_data_warehouse\dw_bootcamp\dbt_project.yml
[0m12:50:46.196869 [info ] [MainThread]: adapter type: postgres
[0m12:50:46.197334 [info ] [MainThread]: adapter version: 1.11.0
[0m12:50:46.304657 [info ] [MainThread]: Configuration:
[0m12:50:46.305348 [info ] [MainThread]:   profiles.yml file [[32mOK found and valid[0m]
[0m12:50:46.305904 [info ] [MainThread]:   dbt_project.yml file [[32mOK found and valid[0m]
[0m12:50:46.306413 [info ] [MainThread]: Required dependencies:
[0m12:50:46.306945 [debug] [MainThread]: Executing "git --help"
[0m12:50:46.343061 [debug] [MainThread]: STDOUT: "b"usage: git [-v | --version] [-h | --help] [-C <path>] [-c <name>=<value>]\n           [--exec-path[=<path>]] [--html-path] [--man-path] [--info-path]\n           [-p | --paginate | -P | --no-pager] [--no-replace-objects] [--no-lazy-fetch]\n           [--no-optional-locks] [--no-advice] [--bare] [--git-dir=<path>]\n           [--work-tree=<path>] [--namespace=<name>] [--config-env=<name>=<envvar>]\n           <command> [<args>]\n\nThese are common Git commands used in various situations:\n\nstart a working area (see also: git help tutorial)\n   clone      Clone a repository into a new directory\n   init       Create an empty Git repository or reinitialize an existing one\n\nwork on the current change (see also: git help everyday)\n   add        Add file contents to the index\n   mv         Move or rename a file, a directory, or a symlink\n   restore    Restore working tree files\n   rm         Remove files from the working tree and from the index\n\nexamine the history and state (see also: git help revisions)\n   bisect     Use binary search to find the commit that introduced a bug\n   diff       Show changes between commits, commit and working tree, etc\n   grep       Print lines matching a pattern\n   log        Show commit logs\n   show       Show various types of objects\n   status     Show the working tree status\n\ngrow, mark and tweak your common history\n   backfill   Download missing objects in a partial clone\n   branch     List, create, or delete branches\n   commit     Record changes to the repository\n   history    EXPERIMENTAL: Rewrite history\n   merge      Join two or more development histories together\n   rebase     Reapply commits on top of another base tip\n   reset      Set `HEAD` or the index to a known state\n   switch     Switch branches\n   tag        Create, list, delete or verify tags\n\ncollaborate (see also: git help workflows)\n   fetch      Download objects and refs from another repository\n   pull       Fetch from and integrate with another repository or a local branch\n   push       Update remote refs along with associated objects\n\n'git help -a' and 'git help -g' list available subcommands and some\nconcept guides. See 'git help <command>' or 'git help <concept>'\nto read about a specific subcommand or concept.\nSee 'git help git' for an overview of the system.\n""
[0m12:50:46.343838 [debug] [MainThread]: STDERR: "b''"
[0m12:50:46.344302 [info ] [MainThread]:  - git [[32mOK found[0m]

[0m12:50:46.344722 [info ] [MainThread]: Connection:
[0m12:50:46.345152 [info ] [MainThread]:   host: localhost
[0m12:50:46.346079 [info ] [MainThread]:   port: 5433
[0m12:50:46.346421 [info ] [MainThread]:   user: postgres
[0m12:50:46.346743 [info ] [MainThread]:   database: dbt_db
[0m12:50:46.347063 [info ] [MainThread]:   schema: public
[0m12:50:46.347383 [info ] [MainThread]:   connect_timeout: 10
[0m12:50:46.347713 [info ] [MainThread]:   role: None
[0m12:50:46.348029 [info ] [MainThread]:   search_path: None
[0m12:50:46.348347 [info ] [MainThread]:   keepalives_idle: 0
[0m12:50:46.348687 [info ] [MainThread]:   sslmode: None
[0m12:50:46.349051 [info ] [MainThread]:   sslcert: None
[0m12:50:46.349404 [info ] [MainThread]:   sslkey: None
[0m12:50:46.349735 [info ] [MainThread]:   sslrootcert: None
[0m12:50:46.350137 [info ] [MainThread]:   application_name: dbt
[0m12:50:46.350479 [info ] [MainThread]:   autocommit: False
[0m12:50:46.350804 [info ] [MainThread]:   retries: 1
[0m12:50:46.351357 [info ] [MainThread]: Registered adapter: postgres=1.11.0
[0m12:50:46.699098 [debug] [MainThread]: Acquiring new postgres connection 'debug'
[0m12:50:46.829394 [debug] [MainThread]: Using postgres connection "debug"
[0m12:50:46.829736 [debug] [MainThread]: On debug: select 1 as id
[0m12:50:46.830004 [debug] [MainThread]: Opening a new connection, currently in state init
[0m12:50:46.888028 [debug] [MainThread]: SQL status: SELECT 1 in 0.058 seconds
[0m12:50:46.888932 [debug] [MainThread]: On debug: Close
[0m12:50:46.889301 [info ] [MainThread]:   Connection test: [[32mOK connection ok[0m]

[0m12:50:46.889685 [info ] [MainThread]: [32mAll checks passed![0m
[0m12:50:46.890574 [debug] [MainThread]: Command `dbt debug` succeeded at 12:50:46.890463 after 1.14 seconds
[0m12:50:46.890879 [debug] [MainThread]: Connection 'debug' was properly closed.
[0m12:50:46.891207 [debug] [MainThread]: Sending event: {'category': 'dbt', 'action': 'invocation', 'label': 'end', 'context': [<snowplow_tracker.self_describing_json.SelfDescribingJson object at 0x000002012AFE7A80>, <snowplow_tracker.self_describing_json.SelfDescribingJson object at 0x000002012B731250>, <snowplow_tracker.self_describing_json.SelfDescribingJson object at 0x00000201291AA360>]}
[0m12:50:46.891569 [debug] [MainThread]: Flushing usage events
[0m12:50:47.525080 [debug] [MainThread]: An error was encountered while trying to flush usage events
[0m13:05:52.660082 [debug] [MainThread]: Sending event: {'category': 'dbt', 'action': 'invocation', 'label': 'start', 'context': [<snowplow_tracker.self_describing_json.SelfDescribingJson object at 0x000001C3A4868D70>, <snowplow_tracker.self_describing_json.SelfDescribingJson object at 0x000001C3A20DD1D0>, <snowplow_tracker.self_describing_json.SelfDescribingJson object at 0x000001C3A70FF9D0>]}


============================== 13:05:52.666151 | 26f8b3c7-c9d5-4b6d-b304-2ea3adf6e9de ==============================
[0m13:05:52.666151 [info ] [MainThread]: Running with dbt=1.12.0
[0m13:05:52.666900 [debug] [MainThread]: running dbt with arguments {'static_parser': 'True', 'no_print': 'None', 'maximum_seed_size_mib': '1', 'target_path': 'None', 'warn_error_options': 'WarnErrorOptionsV2(error=[], warn=[], silence=[])', 'version_check': 'True', 'printer_width': '80', 'write_json': 'True', 'empty': 'None', 'log_cache_events': 'False', 'introspect': 'True', 'cache_selected_only': 'False', 'fail_fast': 'False', 'debug': 'False', 'log_format': 'default', 'profiles_dir': 'C:\\Users\\Ian\\OneDrive\\Área de Trabalho\\DW_PROJECT\\2_data_warehouse\\dw_bootcamp', 'send_anonymous_usage_stats': 'True', 'quiet': 'False', 'warn_error': 'None', 'partial_parse': 'True', 'indirect_selection': 'eager', 'hints_enabled': 'True', 'invocation_command': 'dbt deps', 'use_experimental_parser': 'False', 'use_colors': 'True', 'log_path': 'C:\\Users\\Ian\\OneDrive\\Área de Trabalho\\DW_PROJECT\\2_data_warehouse\\dw_bootcamp\\logs'}
[0m13:05:52.872959 [debug] [MainThread]: Sending event: {'category': 'dbt', 'action': 'project_id', 'label': '26f8b3c7-c9d5-4b6d-b304-2ea3adf6e9de', 'context': [<snowplow_tracker.self_describing_json.SelfDescribingJson object at 0x000001C3A6F13CE0>]}
[0m13:05:53.096145 [info ] [MainThread]: Warning: No packages were found in packages.yml
[0m13:05:53.097487 [info ] [MainThread]: Warning: No packages were found in packages.yml
[0m13:05:53.098657 [debug] [MainThread]: Command `dbt deps` succeeded at 13:05:53.098506 after 0.79 seconds
[0m13:05:53.099160 [debug] [MainThread]: Sending event: {'category': 'dbt', 'action': 'invocation', 'label': 'end', 'context': [<snowplow_tracker.self_describing_json.SelfDescribingJson object at 0x000001C3A535A250>, <snowplow_tracker.self_describing_json.SelfDescribingJson object at 0x000001C3A729FBD0>, <snowplow_tracker.self_describing_json.SelfDescribingJson object at 0x000001C3A6F75A50>]}
[0m13:05:53.099640 [debug] [MainThread]: Flushing usage events
[0m13:05:53.842722 [debug] [MainThread]: An error was encountered while trying to flush usage events
[0m13:06:20.810744 [debug] [MainThread]: Sending event: {'category': 'dbt', 'action': 'invocation', 'label': 'start', 'context': [<snowplow_tracker.self_describing_json.SelfDescribingJson object at 0x0000017903DB8D70>, <snowplow_tracker.self_describing_json.SelfDescribingJson object at 0x000001790162D1D0>, <snowplow_tracker.self_describing_json.SelfDescribingJson object at 0x000001790664F9D0>]}


============================== 13:06:20.814813 | adf0a3aa-7cef-4d30-9420-cab9ef675e9d ==============================
[0m13:06:20.814813 [info ] [MainThread]: Running with dbt=1.12.0
[0m13:06:20.815580 [debug] [MainThread]: running dbt with arguments {'maximum_seed_size_mib': '1', 'no_print': 'None', 'static_parser': 'True', 'target_path': 'None', 'warn_error_options': 'WarnErrorOptionsV2(error=[], warn=[], silence=[])', 'version_check': 'True', 'printer_width': '80', 'write_json': 'True', 'introspect': 'True', 'log_cache_events': 'False', 'empty': 'None', 'cache_selected_only': 'False', 'log_format': 'default', 'debug': 'False', 'fail_fast': 'False', 'partial_parse': 'True', 'send_anonymous_usage_stats': 'True', 'quiet': 'False', 'warn_error': 'None', 'profiles_dir': 'C:\\Users\\Ian\\OneDrive\\Área de Trabalho\\DW_PROJECT\\2_data_warehouse\\dw_bootcamp', 'invocation_command': 'dbt deps', 'hints_enabled': 'True', 'use_colors': 'True', 'use_experimental_parser': 'False', 'indirect_selection': 'eager', 'log_path': 'C:\\Users\\Ian\\OneDrive\\Área de Trabalho\\DW_PROJECT\\2_data_warehouse\\dw_bootcamp\\logs'}
[0m13:06:20.950411 [debug] [MainThread]: Sending event: {'category': 'dbt', 'action': 'project_id', 'label': 'adf0a3aa-7cef-4d30-9420-cab9ef675e9d', 'context': [<snowplow_tracker.self_describing_json.SelfDescribingJson object at 0x0000017906463CE0>]}
[0m13:06:20.970369 [info ] [MainThread]: Warning: No packages were found in packages.yml
[0m13:06:20.972843 [info ] [MainThread]: Warning: No packages were found in packages.yml
[0m13:06:20.973727 [debug] [MainThread]: Command `dbt deps` succeeded at 13:06:20.973611 after 0.44 seconds
[0m13:06:20.974060 [debug] [MainThread]: Sending event: {'category': 'dbt', 'action': 'invocation', 'label': 'end', 'context': [<snowplow_tracker.self_describing_json.SelfDescribingJson object at 0x00000179048AE250>, <snowplow_tracker.self_describing_json.SelfDescribingJson object at 0x00000179067EF350>, <snowplow_tracker.self_describing_json.SelfDescribingJson object at 0x00000179064C5F50>]}
[0m13:06:20.974406 [debug] [MainThread]: Flushing usage events
[0m13:06:21.545504 [debug] [MainThread]: An error was encountered while trying to flush usage events
[0m13:07:55.204246 [debug] [MainThread]: Sending event: {'category': 'dbt', 'action': 'invocation', 'label': 'start', 'context': [<snowplow_tracker.self_describing_json.SelfDescribingJson object at 0x0000024D157E8D70>, <snowplow_tracker.self_describing_json.SelfDescribingJson object at 0x0000024D1305D1D0>, <snowplow_tracker.self_describing_json.SelfDescribingJson object at 0x0000024D1807F9D0>]}


============================== 13:07:55.211704 | 3d2d9c15-4dcb-4027-bf8c-3c8d164b30d0 ==============================
[0m13:07:55.211704 [info ] [MainThread]: Running with dbt=1.12.0
[0m13:07:55.212510 [debug] [MainThread]: running dbt with arguments {'version_check': 'True', 'no_print': 'None', 'static_parser': 'True', 'warn_error_options': 'WarnErrorOptionsV2(error=[], warn=[], silence=[])', 'target_path': 'None', 'maximum_seed_size_mib': '1', 'printer_width': '80', 'write_json': 'True', 'empty': 'None', 'log_cache_events': 'False', 'introspect': 'True', 'cache_selected_only': 'False', 'fail_fast': 'False', 'debug': 'False', 'log_format': 'default', 'profiles_dir': 'C:\\Users\\Ian\\OneDrive\\Área de Trabalho\\DW_PROJECT\\2_data_warehouse\\dw_bootcamp', 'send_anonymous_usage_stats': 'True', 'quiet': 'False', 'warn_error': 'None', 'partial_parse': 'True', 'indirect_selection': 'eager', 'hints_enabled': 'True', 'invocation_command': 'dbt deps', 'use_experimental_parser': 'False', 'use_colors': 'True', 'log_path': 'C:\\Users\\Ian\\OneDrive\\Área de Trabalho\\DW_PROJECT\\2_data_warehouse\\dw_bootcamp\\logs'}
[0m13:07:55.393493 [debug] [MainThread]: Sending event: {'category': 'dbt', 'action': 'project_id', 'label': '3d2d9c15-4dcb-4027-bf8c-3c8d164b30d0', 'context': [<snowplow_tracker.self_describing_json.SelfDescribingJson object at 0x0000024D17E93BB0>]}
[0m13:07:55.430141 [debug] [MainThread]: Set downloads directory='C:\Users\Ian\AppData\Local\Temp\dbt-downloads-tbjwgxeb'
[0m13:07:55.431192 [debug] [MainThread]: Making package index registry request: GET https://hub.getdbt.com/api/v1/index.json
[0m13:07:55.720105 [debug] [MainThread]: Response from registry index: GET https://hub.getdbt.com/api/v1/index.json 200
[0m13:07:55.722554 [debug] [MainThread]: Making package registry request: GET https://hub.getdbt.com/api/v1/dbt-labs/dbt_utils.json
[0m13:07:55.778840 [debug] [MainThread]: Response from registry: GET https://hub.getdbt.com/api/v1/dbt-labs/dbt_utils.json 200
[0m13:07:55.786634 [debug] [MainThread]: Making package registry request: GET https://hub.getdbt.com/api/v1/metaplane/dbt_expectations.json
[0m13:07:56.099800 [debug] [MainThread]: Response from registry: GET https://hub.getdbt.com/api/v1/metaplane/dbt_expectations.json 200
[0m13:07:56.103949 [debug] [MainThread]: Making package registry request: GET https://hub.getdbt.com/api/v1/godatadriven/dbt_date.json
[0m13:07:56.207738 [debug] [MainThread]: Response from registry: GET https://hub.getdbt.com/api/v1/godatadriven/dbt_date.json 200
[0m13:07:56.223790 [info ] [MainThread]: Updating lock file in file path: C:\Users\Ian\OneDrive\Área de Trabalho\DW_PROJECT\2_data_warehouse\dw_bootcamp/package-lock.yml
[0m13:07:56.254791 [debug] [MainThread]: Set downloads directory='C:\Users\Ian\AppData\Local\Temp\dbt-downloads-floo2_t2'
[0m13:07:56.267028 [info ] [MainThread]: Installing dbt-labs/dbt_utils
[0m13:07:57.804471 [info ] [MainThread]: Installed from version 1.3.0
[0m13:07:57.805236 [info ] [MainThread]: Updated version available: 1.4.1
[0m13:07:57.805782 [debug] [MainThread]: Sending event: {'category': 'dbt', 'action': 'package', 'label': '3d2d9c15-4dcb-4027-bf8c-3c8d164b30d0', 'property_': 'install', 'context': [<snowplow_tracker.self_describing_json.SelfDescribingJson object at 0x0000024D187A2360>, <snowplow_tracker.self_describing_json.SelfDescribingJson object at 0x0000024D187A2250>]}
[0m13:07:57.806202 [info ] [MainThread]: Installing metaplane/dbt_expectations
[0m13:07:58.652098 [info ] [MainThread]: Installed from version 0.10.8
[0m13:07:58.652792 [info ] [MainThread]: Updated version available: 0.10.10
[0m13:07:58.653348 [debug] [MainThread]: Sending event: {'category': 'dbt', 'action': 'package', 'label': '3d2d9c15-4dcb-4027-bf8c-3c8d164b30d0', 'property_': 'install', 'context': [<snowplow_tracker.self_describing_json.SelfDescribingJson object at 0x0000024D187F8750>, <snowplow_tracker.self_describing_json.SelfDescribingJson object at 0x0000024D18199F40>]}
[0m13:07:58.653811 [info ] [MainThread]: Installing godatadriven/dbt_date
[0m13:07:59.148251 [info ] [MainThread]: Installed from version 0.19.0
[0m13:07:59.148875 [info ] [MainThread]: Up to date!
[0m13:07:59.149344 [debug] [MainThread]: Sending event: {'category': 'dbt', 'action': 'package', 'label': '3d2d9c15-4dcb-4027-bf8c-3c8d164b30d0', 'property_': 'install', 'context': [<snowplow_tracker.self_describing_json.SelfDescribingJson object at 0x0000024D187CE0B0>, <snowplow_tracker.self_describing_json.SelfDescribingJson object at 0x0000024D187CD710>]}
[0m13:07:59.149769 [info ] [MainThread]: 
[0m13:07:59.150238 [info ] [MainThread]: Updates available for packages: ['dbt-labs/dbt_utils', 'metaplane/dbt_expectations']                 
Update your versions in packages.yml, then run dbt deps
[0m13:07:59.153648 [debug] [MainThread]: Command `dbt deps` succeeded at 13:07:59.153445 after 4.34 seconds
[0m13:07:59.154134 [debug] [MainThread]: Sending event: {'category': 'dbt', 'action': 'invocation', 'label': 'end', 'context': [<snowplow_tracker.self_describing_json.SelfDescribingJson object at 0x0000024D18825010>, <snowplow_tracker.self_describing_json.SelfDescribingJson object at 0x0000024D18824DD0>, <snowplow_tracker.self_describing_json.SelfDescribingJson object at 0x0000024D188D6D00>]}
[0m13:07:59.154599 [debug] [MainThread]: Flushing usage events
[0m13:07:59.859430 [debug] [MainThread]: An error was encountered while trying to flush usage events
[0m13:25:16.704182 [debug] [MainThread]: Sending event: {'category': 'dbt', 'action': 'invocation', 'label': 'start', 'context': [<snowplow_tracker.self_describing_json.SelfDescribingJson object at 0x00000184E3308D70>, <snowplow_tracker.self_describing_json.SelfDescribingJson object at 0x00000184E0B7D1D0>, <snowplow_tracker.self_describing_json.SelfDescribingJson object at 0x00000184E5BF39D0>]}


============================== 13:25:16.710311 | be400c6f-16c7-4306-bd0b-ff8f3a358ef1 ==============================
[0m13:25:16.710311 [info ] [MainThread]: Running with dbt=1.12.0
[0m13:25:16.710887 [debug] [MainThread]: running dbt with arguments {'version_check': 'True', 'no_print': 'None', 'static_parser': 'True', 'warn_error_options': 'WarnErrorOptionsV2(error=[], warn=[], silence=[])', 'maximum_seed_size_mib': '1', 'target_path': 'None', 'printer_width': '80', 'write_json': 'True', 'introspect': 'True', 'log_cache_events': 'False', 'empty': 'False', 'cache_selected_only': 'False', 'log_format': 'default', 'debug': 'False', 'fail_fast': 'False', 'profiles_dir': 'C:\\Users\\Ian\\OneDrive\\Área de Trabalho\\DW_PROJECT\\2_data_warehouse\\dw_bootcamp', 'send_anonymous_usage_stats': 'True', 'quiet': 'False', 'warn_error': 'None', 'partial_parse': 'True', 'invocation_command': 'dbt seed', 'hints_enabled': 'True', 'indirect_selection': 'eager', 'use_experimental_parser': 'False', 'use_colors': 'True', 'log_path': 'C:\\Users\\Ian\\OneDrive\\Área de Trabalho\\DW_PROJECT\\2_data_warehouse\\dw_bootcamp\\logs'}
[0m13:25:16.955888 [debug] [MainThread]: Sending event: {'category': 'dbt', 'action': 'project_id', 'label': 'be400c6f-16c7-4306-bd0b-ff8f3a358ef1', 'context': [<snowplow_tracker.self_describing_json.SelfDescribingJson object at 0x00000184E5B66FD0>]}
[0m13:25:17.031049 [debug] [MainThread]: Sending event: {'category': 'dbt', 'action': 'adapter_info', 'label': 'be400c6f-16c7-4306-bd0b-ff8f3a358ef1', 'context': [<snowplow_tracker.self_describing_json.SelfDescribingJson object at 0x00000184E59DDAE0>]}
[0m13:25:17.033139 [info ] [MainThread]: Registered adapter: postgres=1.11.0
[0m13:25:17.467152 [debug] [MainThread]: checksum: 405a9d657d6f6c8dad658f9546ce79d95769a20c4dd31677d4c9579477a65c57, vars: {}, profile: dw_bootcamp, target: dev, version: 1.12.0
[0m13:25:17.468827 [info ] [MainThread]: Unable to do partial parsing because saved manifest not found. Starting full parse.
[0m13:25:17.469229 [debug] [MainThread]: Sending event: {'category': 'dbt', 'action': 'partial_parser', 'label': 'be400c6f-16c7-4306-bd0b-ff8f3a358ef1', 'context': [<snowplow_tracker.self_describing_json.SelfDescribingJson object at 0x00000184E5CE1650>]}
[0m13:25:20.680011 [warn ] [MainThread]: [[33mWARNING[0m]: Configuration paths exist in your dbt_project.yml file which do not apply to any resources.
There are 3 unused configuration paths:
- models.dw_bootcamp.intermediate
- models.dw_bootcamp.mart
- models.dw_bootcamp.staging
[0m13:25:20.685428 [debug] [MainThread]: Sending event: {'category': 'dbt', 'action': 'load_project', 'label': 'be400c6f-16c7-4306-bd0b-ff8f3a358ef1', 'context': [<snowplow_tracker.self_describing_json.SelfDescribingJson object at 0x00000184E669F7A0>]}
[0m13:25:20.812294 [debug] [MainThread]: Wrote artifact WritableManifest to C:\Users\Ian\OneDrive\Área de Trabalho\DW_PROJECT\2_data_warehouse\dw_bootcamp\target\manifest.json
[0m13:25:20.842880 [debug] [MainThread]: Wrote artifact SemanticManifest to C:\Users\Ian\OneDrive\Área de Trabalho\DW_PROJECT\2_data_warehouse\dw_bootcamp\target\semantic_manifest.json
[0m13:25:21.475826 [debug] [MainThread]: Wrote artifact OsiDocument to C:\Users\Ian\OneDrive\Área de Trabalho\DW_PROJECT\2_data_warehouse\dw_bootcamp\target\osi_document.json
[0m13:25:21.667322 [debug] [MainThread]: Sending event: {'category': 'dbt', 'action': 'resource_counts', 'label': 'be400c6f-16c7-4306-bd0b-ff8f3a358ef1', 'context': [<snowplow_tracker.self_describing_json.SelfDescribingJson object at 0x00000184E6A09550>]}
[0m13:25:21.669503 [info ] [MainThread]: Found 1 seed, 901 macros
[0m13:25:21.671209 [debug] [MainThread]: Sending event: {'category': 'dbt', 'action': 'runnable_timing', 'label': 'be400c6f-16c7-4306-bd0b-ff8f3a358ef1', 'context': [<snowplow_tracker.self_describing_json.SelfDescribingJson object at 0x00000184E6571B20>]}
[0m13:25:21.674022 [info ] [MainThread]: 
[0m13:25:21.675190 [info ] [MainThread]: Concurrency: 4 threads (target='dev')
[0m13:25:21.675801 [info ] [MainThread]: 
[0m13:25:21.676429 [debug] [MainThread]: Acquiring new postgres connection 'master'
[0m13:25:21.677510 [debug] [ThreadPool]: Acquiring new postgres connection 'list_dbt_db'
[0m13:25:22.013882 [debug] [ThreadPool]: Using postgres connection "list_dbt_db"
[0m13:25:22.015939 [debug] [ThreadPool]: On list_dbt_db: /* {"app": "dbt", "dbt_version": "1.12.0", "profile_name": "dw_bootcamp", "target_name": "dev", "connection_name": "list_dbt_db"} */

    select distinct nspname from pg_namespace
  
[0m13:25:22.016543 [debug] [ThreadPool]: Opening a new connection, currently in state init
[0m13:25:22.182320 [debug] [ThreadPool]: SQL status: SELECT 4 in 0.166 seconds
[0m13:25:22.186075 [debug] [ThreadPool]: On list_dbt_db: Close
[0m13:25:22.191009 [debug] [ThreadPool]: Acquiring new postgres connection 'list_dbt_db_public'
[0m13:25:22.196873 [debug] [ThreadPool]: Using postgres connection "list_dbt_db_public"
[0m13:25:22.197333 [debug] [ThreadPool]: On list_dbt_db_public: /* {"app": "dbt", "dbt_version": "1.12.0", "profile_name": "dw_bootcamp", "target_name": "dev", "connection_name": "list_dbt_db_public"} */
select
      'dbt_db' as database,
      tablename as name,
      schemaname as schema,
      'table' as type
    from pg_tables
    where schemaname ilike 'public'
    union all
    select
      'dbt_db' as database,
      viewname as name,
      schemaname as schema,
      'view' as type
    from pg_views
    where schemaname ilike 'public'
    union all
    select
      'dbt_db' as database,
      matviewname as name,
      schemaname as schema,
      'materialized_view' as type
    from pg_matviews
    where schemaname ilike 'public'
    union all
    select distinct
     'dbt_db' as database,
     proname as name,
     ns.nspname as schema,
     'function' as type
    from pg_proc
     join pg_namespace as ns on pronamespace = ns.oid
    where ns.nspname ilike 'public'
  
[0m13:25:22.197671 [debug] [ThreadPool]: Opening a new connection, currently in state init
[0m13:25:22.304149 [debug] [ThreadPool]: SQL status: SELECT 0 in 0.106 seconds
[0m13:25:22.307686 [debug] [ThreadPool]: On list_dbt_db_public: ROLLBACK
[0m13:25:22.310151 [debug] [ThreadPool]: On list_dbt_db_public: Close
[0m13:25:22.316484 [debug] [MainThread]: Using postgres connection "master"
[0m13:25:22.318746 [debug] [MainThread]: On master: /* {"app": "dbt", "dbt_version": "1.12.0", "profile_name": "dw_bootcamp", "target_name": "dev", "connection_name": "master"} */
select distinct
        dependent_namespace.nspname as dependent_schema,
        dependent_class.relname as dependent_name,
        referenced_namespace.nspname as referenced_schema,
        referenced_class.relname as referenced_name

    -- Query for views: views are entries in pg_class with an entry in pg_rewrite, but we avoid
    -- a seq scan on pg_rewrite by leveraging the fact there is an "internal" row in pg_depend for
    -- the view...
    from pg_class as dependent_class
    join pg_namespace as dependent_namespace on dependent_namespace.oid = dependent_class.relnamespace
    join pg_depend as dependent_depend on dependent_depend.refobjid = dependent_class.oid
        and dependent_depend.classid = 'pg_rewrite'::regclass
        and dependent_depend.refclassid = 'pg_class'::regclass
        and dependent_depend.deptype = 'i'

    -- ... and via pg_depend (that has a row per column, hence the need for "distinct" above, and
    -- making sure to exclude the internal row to avoid a view appearing to depend on itself)...
    join pg_depend as joining_depend on joining_depend.objid = dependent_depend.objid
        and joining_depend.classid = 'pg_rewrite'::regclass
        and joining_depend.refclassid = 'pg_class'::regclass
        and joining_depend.refobjid != dependent_depend.refobjid

    -- ... we can find the tables they query from in pg_class, but excluding system tables. Note we
    -- don't need need to exclude _dependent_ system tables, because they only query from other
    -- system tables, and so are automatically excluded by excluding _referenced_ system tables
    join pg_class as referenced_class on referenced_class.oid = joining_depend.refobjid
    join pg_namespace as referenced_namespace on referenced_namespace.oid = referenced_class.relnamespace
        and referenced_namespace.nspname != 'information_schema'
        and referenced_namespace.nspname not like 'pg\_%'

    order by
        dependent_schema, dependent_name, referenced_schema, referenced_name;
[0m13:25:22.320572 [debug] [MainThread]: Opening a new connection, currently in state init
[0m13:25:22.364764 [debug] [MainThread]: SQL status: SELECT 0 in 0.044 seconds
[0m13:25:22.367562 [debug] [MainThread]: Sending event: {'category': 'dbt', 'action': 'runnable_timing', 'label': 'be400c6f-16c7-4306-bd0b-ff8f3a358ef1', 'context': [<snowplow_tracker.self_describing_json.SelfDescribingJson object at 0x00000184E6B19190>]}
[0m13:25:22.370861 [debug] [MainThread]: On master: ROLLBACK
[0m13:25:22.373475 [debug] [MainThread]: On master: COMMIT
[0m13:25:22.374400 [debug] [MainThread]: Using postgres connection "master"
[0m13:25:22.375164 [debug] [MainThread]: On master: COMMIT
[0m13:25:22.377785 [debug] [MainThread]: SQL status: COMMIT in 0.002 seconds
[0m13:25:22.378795 [debug] [MainThread]: On master: Close
[0m13:25:22.462834 [debug] [Thread-1 (]: Began running node seed.dw_bootcamp.Airline_Delay_Cause
[0m13:25:22.463983 [info ] [Thread-1 (]: 1 of 1 START seed file public.Airline_Delay_Cause .............................. [RUN]
[0m13:25:22.465336 [debug] [Thread-1 (]: Acquiring new postgres connection 'seed.dw_bootcamp.Airline_Delay_Cause'
[0m13:25:22.465892 [debug] [Thread-1 (]: Began compiling node seed.dw_bootcamp.Airline_Delay_Cause
[0m13:25:22.466534 [debug] [Thread-1 (]: Began executing node seed.dw_bootcamp.Airline_Delay_Cause
[0m13:26:13.566675 [debug] [Thread-1 (]: Using postgres connection "seed.dw_bootcamp.Airline_Delay_Cause"
[0m13:26:13.569149 [debug] [Thread-1 (]: On seed.dw_bootcamp.Airline_Delay_Cause: /* {"app": "dbt", "dbt_version": "1.12.0", "profile_name": "dw_bootcamp", "target_name": "dev", "node_id": "seed.dw_bootcamp.Airline_Delay_Cause"} */

    create table "dbt_db"."public"."Airline_Delay_Cause" ("year" integer,"month" integer,"carrier" text,"carrier_name" text,"airport" text,"airport_name" text,"arr_flights" integer,"arr_del15" integer,"carrier_ct" float8,"weather_ct" float8,"nas_ct" float8,"security_ct" float8,"late_aircraft_ct" float8,"arr_cancelled" integer,"arr_diverted" integer,"arr_delay" integer,"carrier_delay" integer,"weather_delay" integer,"nas_delay" integer,"security_delay" integer,"late_aircraft_delay" integer)
  
[0m13:26:13.569668 [debug] [Thread-1 (]: Opening a new connection, currently in state init
[0m13:26:13.661532 [debug] [Thread-1 (]: SQL status: CREATE TABLE in 0.092 seconds
[0m13:26:44.693942 [debug] [Thread-1 (]: Using postgres connection "seed.dw_bootcamp.Airline_Delay_Cause"
[0m13:26:44.694713 [debug] [Thread-1 (]: On seed.dw_bootcamp.Airline_Delay_Cause: 
          insert into "dbt_db"."public"."Airline_Delay_Cause" ("year", "month", "carrier", "carrier_name", "airport", "airport_name", "arr_flights", "arr_del15", "carrier_ct", "weather_ct", "nas_ct", "security_ct", "late_aircraft_ct", "arr_cancelled", "arr_diverted", "arr_delay", "carrier_delay", "weather_delay", "nas_delay", "security_delay", "late_aircraft_delay") values
          (%s,%s,%s,%s,%s,%s,%s,%s,%s,%s,%s,%s,%s,%s,%s,%s,%s,%s,%s,%s,%s),(%s,%s,%s,%s,%s,%s,%s,%s,%s,%s,%s,%s,%s,%s,%s,%s,%s,%s,%s,%s...
[0m13:26:45.203858 [debug] [Thread-1 (]: SQL status: INSERT 0 10000 in 0.508 seconds
[0m13:27:15.217873 [debug] [Thread-1 (]: Using postgres connection "seed.dw_bootcamp.Airline_Delay_Cause"
[0m13:27:15.218529 [debug] [Thread-1 (]: On seed.dw_bootcamp.Airline_Delay_Cause: 
          insert into "dbt_db"."public"."Airline_Delay_Cause" ("year", "month", "carrier", "carrier_name", "airport", "airport_name", "arr_flights", "arr_del15", "carrier_ct", "weather_ct", "nas_ct", "security_ct", "late_aircraft_ct", "arr_cancelled", "arr_diverted", "arr_delay", "carrier_delay", "weather_delay", "nas_delay", "security_delay", "late_aircraft_delay") values
          (%s,%s,%s,%s,%s,%s,%s,%s,%s,%s,%s,%s,%s,%s,%s,%s,%s,%s,%s,%s,%s),(%s,%s,%s,%s,%s,%s,%s,%s,%s,%s,%s,%s,%s,%s,%s,%s,%s,%s,%s,%s...
[0m13:27:15.655033 [debug] [Thread-1 (]: SQL status: INSERT 0 10000 in 0.436 seconds
[0m13:27:45.491676 [debug] [Thread-1 (]: Using postgres connection "seed.dw_bootcamp.Airline_Delay_Cause"
[0m13:27:45.492223 [debug] [Thread-1 (]: On seed.dw_bootcamp.Airline_Delay_Cause: 
          insert into "dbt_db"."public"."Airline_Delay_Cause" ("year", "month", "carrier", "carrier_name", "airport", "airport_name", "arr_flights", "arr_del15", "carrier_ct", "weather_ct", "nas_ct", "security_ct", "late_aircraft_ct", "arr_cancelled", "arr_diverted", "arr_delay", "carrier_delay", "weather_delay", "nas_delay", "security_delay", "late_aircraft_delay") values
          (%s,%s,%s,%s,%s,%s,%s,%s,%s,%s,%s,%s,%s,%s,%s,%s,%s,%s,%s,%s,%s),(%s,%s,%s,%s,%s,%s,%s,%s,%s,%s,%s,%s,%s,%s,%s,%s,%s,%s,%s,%s...
[0m13:27:45.890383 [debug] [Thread-1 (]: SQL status: INSERT 0 10000 in 0.398 seconds
[0m13:28:15.383941 [debug] [Thread-1 (]: Using postgres connection "seed.dw_bootcamp.Airline_Delay_Cause"
[0m13:28:15.384487 [debug] [Thread-1 (]: On seed.dw_bootcamp.Airline_Delay_Cause: 
          insert into "dbt_db"."public"."Airline_Delay_Cause" ("year", "month", "carrier", "carrier_name", "airport", "airport_name", "arr_flights", "arr_del15", "carrier_ct", "weather_ct", "nas_ct", "security_ct", "late_aircraft_ct", "arr_cancelled", "arr_diverted", "arr_delay", "carrier_delay", "weather_delay", "nas_delay", "security_delay", "late_aircraft_delay") values
          (%s,%s,%s,%s,%s,%s,%s,%s,%s,%s,%s,%s,%s,%s,%s,%s,%s,%s,%s,%s,%s),(%s,%s,%s,%s,%s,%s,%s,%s,%s,%s,%s,%s,%s,%s,%s,%s,%s,%s,%s,%s...
[0m13:28:15.769047 [debug] [Thread-1 (]: SQL status: INSERT 0 10000 in 0.384 seconds
[0m13:28:44.970990 [debug] [Thread-1 (]: Using postgres connection "seed.dw_bootcamp.Airline_Delay_Cause"
[0m13:28:44.971424 [debug] [Thread-1 (]: On seed.dw_bootcamp.Airline_Delay_Cause: 
          insert into "dbt_db"."public"."Airline_Delay_Cause" ("year", "month", "carrier", "carrier_name", "airport", "airport_name", "arr_flights", "arr_del15", "carrier_ct", "weather_ct", "nas_ct", "security_ct", "late_aircraft_ct", "arr_cancelled", "arr_diverted", "arr_delay", "carrier_delay", "weather_delay", "nas_delay", "security_delay", "late_aircraft_delay") values
          (%s,%s,%s,%s,%s,%s,%s,%s,%s,%s,%s,%s,%s,%s,%s,%s,%s,%s,%s,%s,%s),(%s,%s,%s,%s,%s,%s,%s,%s,%s,%s,%s,%s,%s,%s,%s,%s,%s,%s,%s,%s...
[0m13:28:45.374303 [debug] [Thread-1 (]: SQL status: INSERT 0 10000 in 0.402 seconds
[0m13:29:15.342982 [debug] [Thread-1 (]: Using postgres connection "seed.dw_bootcamp.Airline_Delay_Cause"
[0m13:29:15.343521 [debug] [Thread-1 (]: On seed.dw_bootcamp.Airline_Delay_Cause: 
          insert into "dbt_db"."public"."Airline_Delay_Cause" ("year", "month", "carrier", "carrier_name", "airport", "airport_name", "arr_flights", "arr_del15", "carrier_ct", "weather_ct", "nas_ct", "security_ct", "late_aircraft_ct", "arr_cancelled", "arr_diverted", "arr_delay", "carrier_delay", "weather_delay", "nas_delay", "security_delay", "late_aircraft_delay") values
          (%s,%s,%s,%s,%s,%s,%s,%s,%s,%s,%s,%s,%s,%s,%s,%s,%s,%s,%s,%s,%s),(%s,%s,%s,%s,%s,%s,%s,%s,%s,%s,%s,%s,%s,%s,%s,%s,%s,%s,%s,%s...
[0m13:29:15.769449 [debug] [Thread-1 (]: SQL status: INSERT 0 10000 in 0.425 seconds
[0m13:29:47.047557 [debug] [Thread-1 (]: Using postgres connection "seed.dw_bootcamp.Airline_Delay_Cause"
[0m13:29:47.048054 [debug] [Thread-1 (]: On seed.dw_bootcamp.Airline_Delay_Cause: 
          insert into "dbt_db"."public"."Airline_Delay_Cause" ("year", "month", "carrier", "carrier_name", "airport", "airport_name", "arr_flights", "arr_del15", "carrier_ct", "weather_ct", "nas_ct", "security_ct", "late_aircraft_ct", "arr_cancelled", "arr_diverted", "arr_delay", "carrier_delay", "weather_delay", "nas_delay", "security_delay", "late_aircraft_delay") values
          (%s,%s,%s,%s,%s,%s,%s,%s,%s,%s,%s,%s,%s,%s,%s,%s,%s,%s,%s,%s,%s),(%s,%s,%s,%s,%s,%s,%s,%s,%s,%s,%s,%s,%s,%s,%s,%s,%s,%s,%s,%s...
[0m13:29:47.501439 [debug] [Thread-1 (]: SQL status: INSERT 0 10000 in 0.453 seconds
[0m13:30:18.633700 [debug] [Thread-1 (]: Using postgres connection "seed.dw_bootcamp.Airline_Delay_Cause"
[0m13:30:18.634255 [debug] [Thread-1 (]: On seed.dw_bootcamp.Airline_Delay_Cause: 
          insert into "dbt_db"."public"."Airline_Delay_Cause" ("year", "month", "carrier", "carrier_name", "airport", "airport_name", "arr_flights", "arr_del15", "carrier_ct", "weather_ct", "nas_ct", "security_ct", "late_aircraft_ct", "arr_cancelled", "arr_diverted", "arr_delay", "carrier_delay", "weather_delay", "nas_delay", "security_delay", "late_aircraft_delay") values
          (%s,%s,%s,%s,%s,%s,%s,%s,%s,%s,%s,%s,%s,%s,%s,%s,%s,%s,%s,%s,%s),(%s,%s,%s,%s,%s,%s,%s,%s,%s,%s,%s,%s,%s,%s,%s,%s,%s,%s,%s,%s...
[0m13:30:19.044038 [debug] [Thread-1 (]: SQL status: INSERT 0 10000 in 0.409 seconds
[0m13:30:49.829288 [debug] [Thread-1 (]: Using postgres connection "seed.dw_bootcamp.Airline_Delay_Cause"
[0m13:30:49.829762 [debug] [Thread-1 (]: On seed.dw_bootcamp.Airline_Delay_Cause: 
          insert into "dbt_db"."public"."Airline_Delay_Cause" ("year", "month", "carrier", "carrier_name", "airport", "airport_name", "arr_flights", "arr_del15", "carrier_ct", "weather_ct", "nas_ct", "security_ct", "late_aircraft_ct", "arr_cancelled", "arr_diverted", "arr_delay", "carrier_delay", "weather_delay", "nas_delay", "security_delay", "late_aircraft_delay") values
          (%s,%s,%s,%s,%s,%s,%s,%s,%s,%s,%s,%s,%s,%s,%s,%s,%s,%s,%s,%s,%s),(%s,%s,%s,%s,%s,%s,%s,%s,%s,%s,%s,%s,%s,%s,%s,%s,%s,%s,%s,%s...
[0m13:30:50.267373 [debug] [Thread-1 (]: SQL status: INSERT 0 10000 in 0.437 seconds
[0m13:31:21.010460 [debug] [Thread-1 (]: Using postgres connection "seed.dw_bootcamp.Airline_Delay_Cause"
[0m13:31:21.011011 [debug] [Thread-1 (]: On seed.dw_bootcamp.Airline_Delay_Cause: 
          insert into "dbt_db"."public"."Airline_Delay_Cause" ("year", "month", "carrier", "carrier_name", "airport", "airport_name", "arr_flights", "arr_del15", "carrier_ct", "weather_ct", "nas_ct", "security_ct", "late_aircraft_ct", "arr_cancelled", "arr_diverted", "arr_delay", "carrier_delay", "weather_delay", "nas_delay", "security_delay", "late_aircraft_delay") values
          (%s,%s,%s,%s,%s,%s,%s,%s,%s,%s,%s,%s,%s,%s,%s,%s,%s,%s,%s,%s,%s),(%s,%s,%s,%s,%s,%s,%s,%s,%s,%s,%s,%s,%s,%s,%s,%s,%s,%s,%s,%s...
[0m13:31:21.434435 [debug] [Thread-1 (]: SQL status: INSERT 0 10000 in 0.423 seconds
[0m13:31:51.723884 [debug] [Thread-1 (]: Using postgres connection "seed.dw_bootcamp.Airline_Delay_Cause"
[0m13:31:51.727988 [debug] [Thread-1 (]: On seed.dw_bootcamp.Airline_Delay_Cause: 
          insert into "dbt_db"."public"."Airline_Delay_Cause" ("year", "month", "carrier", "carrier_name", "airport", "airport_name", "arr_flights", "arr_del15", "carrier_ct", "weather_ct", "nas_ct", "security_ct", "late_aircraft_ct", "arr_cancelled", "arr_diverted", "arr_delay", "carrier_delay", "weather_delay", "nas_delay", "security_delay", "late_aircraft_delay") values
          (%s,%s,%s,%s,%s,%s,%s,%s,%s,%s,%s,%s,%s,%s,%s,%s,%s,%s,%s,%s,%s),(%s,%s,%s,%s,%s,%s,%s,%s,%s,%s,%s,%s,%s,%s,%s,%s,%s,%s,%s,%s...
[0m13:31:52.128339 [debug] [Thread-1 (]: SQL status: INSERT 0 10000 in 0.400 seconds
[0m13:32:23.045860 [debug] [Thread-1 (]: Using postgres connection "seed.dw_bootcamp.Airline_Delay_Cause"
[0m13:32:23.046394 [debug] [Thread-1 (]: On seed.dw_bootcamp.Airline_Delay_Cause: 
          insert into "dbt_db"."public"."Airline_Delay_Cause" ("year", "month", "carrier", "carrier_name", "airport", "airport_name", "arr_flights", "arr_del15", "carrier_ct", "weather_ct", "nas_ct", "security_ct", "late_aircraft_ct", "arr_cancelled", "arr_diverted", "arr_delay", "carrier_delay", "weather_delay", "nas_delay", "security_delay", "late_aircraft_delay") values
          (%s,%s,%s,%s,%s,%s,%s,%s,%s,%s,%s,%s,%s,%s,%s,%s,%s,%s,%s,%s,%s),(%s,%s,%s,%s,%s,%s,%s,%s,%s,%s,%s,%s,%s,%s,%s,%s,%s,%s,%s,%s...
[0m13:32:23.448300 [debug] [Thread-1 (]: SQL status: INSERT 0 10000 in 0.401 seconds
[0m13:32:54.514898 [debug] [Thread-1 (]: Using postgres connection "seed.dw_bootcamp.Airline_Delay_Cause"
[0m13:32:54.515626 [debug] [Thread-1 (]: On seed.dw_bootcamp.Airline_Delay_Cause: 
          insert into "dbt_db"."public"."Airline_Delay_Cause" ("year", "month", "carrier", "carrier_name", "airport", "airport_name", "arr_flights", "arr_del15", "carrier_ct", "weather_ct", "nas_ct", "security_ct", "late_aircraft_ct", "arr_cancelled", "arr_diverted", "arr_delay", "carrier_delay", "weather_delay", "nas_delay", "security_delay", "late_aircraft_delay") values
          (%s,%s,%s,%s,%s,%s,%s,%s,%s,%s,%s,%s,%s,%s,%s,%s,%s,%s,%s,%s,%s),(%s,%s,%s,%s,%s,%s,%s,%s,%s,%s,%s,%s,%s,%s,%s,%s,%s,%s,%s,%s...
[0m13:32:54.955099 [debug] [Thread-1 (]: SQL status: INSERT 0 10000 in 0.439 seconds
[0m13:33:27.040053 [debug] [Thread-1 (]: Using postgres connection "seed.dw_bootcamp.Airline_Delay_Cause"
[0m13:33:27.040728 [debug] [Thread-1 (]: On seed.dw_bootcamp.Airline_Delay_Cause: 
          insert into "dbt_db"."public"."Airline_Delay_Cause" ("year", "month", "carrier", "carrier_name", "airport", "airport_name", "arr_flights", "arr_del15", "carrier_ct", "weather_ct", "nas_ct", "security_ct", "late_aircraft_ct", "arr_cancelled", "arr_diverted", "arr_delay", "carrier_delay", "weather_delay", "nas_delay", "security_delay", "late_aircraft_delay") values
          (%s,%s,%s,%s,%s,%s,%s,%s,%s,%s,%s,%s,%s,%s,%s,%s,%s,%s,%s,%s,%s),(%s,%s,%s,%s,%s,%s,%s,%s,%s,%s,%s,%s,%s,%s,%s,%s,%s,%s,%s,%s...
[0m13:33:27.558256 [debug] [Thread-1 (]: SQL status: INSERT 0 10000 in 0.517 seconds
[0m13:33:59.841995 [debug] [Thread-1 (]: Using postgres connection "seed.dw_bootcamp.Airline_Delay_Cause"
[0m13:33:59.842896 [debug] [Thread-1 (]: On seed.dw_bootcamp.Airline_Delay_Cause: 
          insert into "dbt_db"."public"."Airline_Delay_Cause" ("year", "month", "carrier", "carrier_name", "airport", "airport_name", "arr_flights", "arr_del15", "carrier_ct", "weather_ct", "nas_ct", "security_ct", "late_aircraft_ct", "arr_cancelled", "arr_diverted", "arr_delay", "carrier_delay", "weather_delay", "nas_delay", "security_delay", "late_aircraft_delay") values
          (%s,%s,%s,%s,%s,%s,%s,%s,%s,%s,%s,%s,%s,%s,%s,%s,%s,%s,%s,%s,%s),(%s,%s,%s,%s,%s,%s,%s,%s,%s,%s,%s,%s,%s,%s,%s,%s,%s,%s,%s,%s...
[0m13:34:00.311940 [debug] [Thread-1 (]: SQL status: INSERT 0 10000 in 0.468 seconds
[0m13:34:41.481280 [debug] [Thread-1 (]: Using postgres connection "seed.dw_bootcamp.Airline_Delay_Cause"
[0m13:34:41.494732 [debug] [Thread-1 (]: On seed.dw_bootcamp.Airline_Delay_Cause: 
          insert into "dbt_db"."public"."Airline_Delay_Cause" ("year", "month", "carrier", "carrier_name", "airport", "airport_name", "arr_flights", "arr_del15", "carrier_ct", "weather_ct", "nas_ct", "security_ct", "late_aircraft_ct", "arr_cancelled", "arr_diverted", "arr_delay", "carrier_delay", "weather_delay", "nas_delay", "security_delay", "late_aircraft_delay") values
          (%s,%s,%s,%s,%s,%s,%s,%s,%s,%s,%s,%s,%s,%s,%s,%s,%s,%s,%s,%s,%s),(%s,%s,%s,%s,%s,%s,%s,%s,%s,%s,%s,%s,%s,%s,%s,%s,%s,%s,%s,%s...
[0m13:34:42.037477 [debug] [Thread-1 (]: SQL status: INSERT 0 10000 in 0.542 seconds
[0m13:35:15.238209 [debug] [Thread-1 (]: Using postgres connection "seed.dw_bootcamp.Airline_Delay_Cause"
[0m13:35:15.239283 [debug] [Thread-1 (]: On seed.dw_bootcamp.Airline_Delay_Cause: 
          insert into "dbt_db"."public"."Airline_Delay_Cause" ("year", "month", "carrier", "carrier_name", "airport", "airport_name", "arr_flights", "arr_del15", "carrier_ct", "weather_ct", "nas_ct", "security_ct", "late_aircraft_ct", "arr_cancelled", "arr_diverted", "arr_delay", "carrier_delay", "weather_delay", "nas_delay", "security_delay", "late_aircraft_delay") values
          (%s,%s,%s,%s,%s,%s,%s,%s,%s,%s,%s,%s,%s,%s,%s,%s,%s,%s,%s,%s,%s),(%s,%s,%s,%s,%s,%s,%s,%s,%s,%s,%s,%s,%s,%s,%s,%s,%s,%s,%s,%s...
[0m13:35:15.705906 [debug] [Thread-1 (]: SQL status: INSERT 0 10000 in 0.466 seconds
[0m13:35:46.322995 [debug] [Thread-1 (]: Using postgres connection "seed.dw_bootcamp.Airline_Delay_Cause"
[0m13:35:46.323572 [debug] [Thread-1 (]: On seed.dw_bootcamp.Airline_Delay_Cause: 
          insert into "dbt_db"."public"."Airline_Delay_Cause" ("year", "month", "carrier", "carrier_name", "airport", "airport_name", "arr_flights", "arr_del15", "carrier_ct", "weather_ct", "nas_ct", "security_ct", "late_aircraft_ct", "arr_cancelled", "arr_diverted", "arr_delay", "carrier_delay", "weather_delay", "nas_delay", "security_delay", "late_aircraft_delay") values
          (%s,%s,%s,%s,%s,%s,%s,%s,%s,%s,%s,%s,%s,%s,%s,%s,%s,%s,%s,%s,%s),(%s,%s,%s,%s,%s,%s,%s,%s,%s,%s,%s,%s,%s,%s,%s,%s,%s,%s,%s,%s...
[0m13:35:46.786380 [debug] [Thread-1 (]: SQL status: INSERT 0 10000 in 0.462 seconds
[0m13:36:17.264064 [debug] [Thread-1 (]: Using postgres connection "seed.dw_bootcamp.Airline_Delay_Cause"
[0m13:36:17.264672 [debug] [Thread-1 (]: On seed.dw_bootcamp.Airline_Delay_Cause: 
          insert into "dbt_db"."public"."Airline_Delay_Cause" ("year", "month", "carrier", "carrier_name", "airport", "airport_name", "arr_flights", "arr_del15", "carrier_ct", "weather_ct", "nas_ct", "security_ct", "late_aircraft_ct", "arr_cancelled", "arr_diverted", "arr_delay", "carrier_delay", "weather_delay", "nas_delay", "security_delay", "late_aircraft_delay") values
          (%s,%s,%s,%s,%s,%s,%s,%s,%s,%s,%s,%s,%s,%s,%s,%s,%s,%s,%s,%s,%s),(%s,%s,%s,%s,%s,%s,%s,%s,%s,%s,%s,%s,%s,%s,%s,%s,%s,%s,%s,%s...
[0m13:36:17.800220 [debug] [Thread-1 (]: SQL status: INSERT 0 10000 in 0.535 seconds
[0m13:36:47.728673 [debug] [Thread-1 (]: Using postgres connection "seed.dw_bootcamp.Airline_Delay_Cause"
[0m13:36:47.729137 [debug] [Thread-1 (]: On seed.dw_bootcamp.Airline_Delay_Cause: 
          insert into "dbt_db"."public"."Airline_Delay_Cause" ("year", "month", "carrier", "carrier_name", "airport", "airport_name", "arr_flights", "arr_del15", "carrier_ct", "weather_ct", "nas_ct", "security_ct", "late_aircraft_ct", "arr_cancelled", "arr_diverted", "arr_delay", "carrier_delay", "weather_delay", "nas_delay", "security_delay", "late_aircraft_delay") values
          (%s,%s,%s,%s,%s,%s,%s,%s,%s,%s,%s,%s,%s,%s,%s,%s,%s,%s,%s,%s,%s),(%s,%s,%s,%s,%s,%s,%s,%s,%s,%s,%s,%s,%s,%s,%s,%s,%s,%s,%s,%s...
[0m13:36:48.132961 [debug] [Thread-1 (]: SQL status: INSERT 0 10000 in 0.403 seconds
[0m13:37:18.782742 [debug] [Thread-1 (]: Using postgres connection "seed.dw_bootcamp.Airline_Delay_Cause"
[0m13:37:18.783203 [debug] [Thread-1 (]: On seed.dw_bootcamp.Airline_Delay_Cause: 
          insert into "dbt_db"."public"."Airline_Delay_Cause" ("year", "month", "carrier", "carrier_name", "airport", "airport_name", "arr_flights", "arr_del15", "carrier_ct", "weather_ct", "nas_ct", "security_ct", "late_aircraft_ct", "arr_cancelled", "arr_diverted", "arr_delay", "carrier_delay", "weather_delay", "nas_delay", "security_delay", "late_aircraft_delay") values
          (%s,%s,%s,%s,%s,%s,%s,%s,%s,%s,%s,%s,%s,%s,%s,%s,%s,%s,%s,%s,%s),(%s,%s,%s,%s,%s,%s,%s,%s,%s,%s,%s,%s,%s,%s,%s,%s,%s,%s,%s,%s...
[0m13:37:19.207072 [debug] [Thread-1 (]: SQL status: INSERT 0 10000 in 0.423 seconds
[0m13:37:49.855515 [debug] [Thread-1 (]: Using postgres connection "seed.dw_bootcamp.Airline_Delay_Cause"
[0m13:37:49.856132 [debug] [Thread-1 (]: On seed.dw_bootcamp.Airline_Delay_Cause: 
          insert into "dbt_db"."public"."Airline_Delay_Cause" ("year", "month", "carrier", "carrier_name", "airport", "airport_name", "arr_flights", "arr_del15", "carrier_ct", "weather_ct", "nas_ct", "security_ct", "late_aircraft_ct", "arr_cancelled", "arr_diverted", "arr_delay", "carrier_delay", "weather_delay", "nas_delay", "security_delay", "late_aircraft_delay") values
          (%s,%s,%s,%s,%s,%s,%s,%s,%s,%s,%s,%s,%s,%s,%s,%s,%s,%s,%s,%s,%s),(%s,%s,%s,%s,%s,%s,%s,%s,%s,%s,%s,%s,%s,%s,%s,%s,%s,%s,%s,%s...
[0m13:37:50.249981 [debug] [Thread-1 (]: SQL status: INSERT 0 10000 in 0.393 seconds
[0m13:38:20.961566 [debug] [Thread-1 (]: Using postgres connection "seed.dw_bootcamp.Airline_Delay_Cause"
[0m13:38:20.962073 [debug] [Thread-1 (]: On seed.dw_bootcamp.Airline_Delay_Cause: 
          insert into "dbt_db"."public"."Airline_Delay_Cause" ("year", "month", "carrier", "carrier_name", "airport", "airport_name", "arr_flights", "arr_del15", "carrier_ct", "weather_ct", "nas_ct", "security_ct", "late_aircraft_ct", "arr_cancelled", "arr_diverted", "arr_delay", "carrier_delay", "weather_delay", "nas_delay", "security_delay", "late_aircraft_delay") values
          (%s,%s,%s,%s,%s,%s,%s,%s,%s,%s,%s,%s,%s,%s,%s,%s,%s,%s,%s,%s,%s),(%s,%s,%s,%s,%s,%s,%s,%s,%s,%s,%s,%s,%s,%s,%s,%s,%s,%s,%s,%s...
[0m13:38:21.343378 [debug] [Thread-1 (]: SQL status: INSERT 0 10000 in 0.381 seconds
[0m13:38:52.360341 [debug] [Thread-1 (]: Using postgres connection "seed.dw_bootcamp.Airline_Delay_Cause"
[0m13:38:52.360943 [debug] [Thread-1 (]: On seed.dw_bootcamp.Airline_Delay_Cause: 
          insert into "dbt_db"."public"."Airline_Delay_Cause" ("year", "month", "carrier", "carrier_name", "airport", "airport_name", "arr_flights", "arr_del15", "carrier_ct", "weather_ct", "nas_ct", "security_ct", "late_aircraft_ct", "arr_cancelled", "arr_diverted", "arr_delay", "carrier_delay", "weather_delay", "nas_delay", "security_delay", "late_aircraft_delay") values
          (%s,%s,%s,%s,%s,%s,%s,%s,%s,%s,%s,%s,%s,%s,%s,%s,%s,%s,%s,%s,%s),(%s,%s,%s,%s,%s,%s,%s,%s,%s,%s,%s,%s,%s,%s,%s,%s,%s,%s,%s,%s...
[0m13:38:52.781648 [debug] [Thread-1 (]: SQL status: INSERT 0 10000 in 0.420 seconds
[0m13:39:23.711322 [debug] [Thread-1 (]: Using postgres connection "seed.dw_bootcamp.Airline_Delay_Cause"
[0m13:39:23.711889 [debug] [Thread-1 (]: On seed.dw_bootcamp.Airline_Delay_Cause: 
          insert into "dbt_db"."public"."Airline_Delay_Cause" ("year", "month", "carrier", "carrier_name", "airport", "airport_name", "arr_flights", "arr_del15", "carrier_ct", "weather_ct", "nas_ct", "security_ct", "late_aircraft_ct", "arr_cancelled", "arr_diverted", "arr_delay", "carrier_delay", "weather_delay", "nas_delay", "security_delay", "late_aircraft_delay") values
          (%s,%s,%s,%s,%s,%s,%s,%s,%s,%s,%s,%s,%s,%s,%s,%s,%s,%s,%s,%s,%s),(%s,%s,%s,%s,%s,%s,%s,%s,%s,%s,%s,%s,%s,%s,%s,%s,%s,%s,%s,%s...
[0m13:39:24.111567 [debug] [Thread-1 (]: SQL status: INSERT 0 10000 in 0.398 seconds
[0m13:39:54.932712 [debug] [Thread-1 (]: Using postgres connection "seed.dw_bootcamp.Airline_Delay_Cause"
[0m13:39:54.933242 [debug] [Thread-1 (]: On seed.dw_bootcamp.Airline_Delay_Cause: 
          insert into "dbt_db"."public"."Airline_Delay_Cause" ("year", "month", "carrier", "carrier_name", "airport", "airport_name", "arr_flights", "arr_del15", "carrier_ct", "weather_ct", "nas_ct", "security_ct", "late_aircraft_ct", "arr_cancelled", "arr_diverted", "arr_delay", "carrier_delay", "weather_delay", "nas_delay", "security_delay", "late_aircraft_delay") values
          (%s,%s,%s,%s,%s,%s,%s,%s,%s,%s,%s,%s,%s,%s,%s,%s,%s,%s,%s,%s,%s),(%s,%s,%s,%s,%s,%s,%s,%s,%s,%s,%s,%s,%s,%s,%s,%s,%s,%s,%s,%s...
[0m13:39:55.317923 [debug] [Thread-1 (]: SQL status: INSERT 0 10000 in 0.384 seconds
[0m13:40:26.487924 [debug] [Thread-1 (]: Using postgres connection "seed.dw_bootcamp.Airline_Delay_Cause"
[0m13:40:26.488847 [debug] [Thread-1 (]: On seed.dw_bootcamp.Airline_Delay_Cause: 
          insert into "dbt_db"."public"."Airline_Delay_Cause" ("year", "month", "carrier", "carrier_name", "airport", "airport_name", "arr_flights", "arr_del15", "carrier_ct", "weather_ct", "nas_ct", "security_ct", "late_aircraft_ct", "arr_cancelled", "arr_diverted", "arr_delay", "carrier_delay", "weather_delay", "nas_delay", "security_delay", "late_aircraft_delay") values
          (%s,%s,%s,%s,%s,%s,%s,%s,%s,%s,%s,%s,%s,%s,%s,%s,%s,%s,%s,%s,%s),(%s,%s,%s,%s,%s,%s,%s,%s,%s,%s,%s,%s,%s,%s,%s,%s,%s,%s,%s,%s...
[0m13:40:26.881151 [debug] [Thread-1 (]: SQL status: INSERT 0 10000 in 0.391 seconds
[0m13:40:56.930931 [debug] [Thread-1 (]: Using postgres connection "seed.dw_bootcamp.Airline_Delay_Cause"
[0m13:40:56.935316 [debug] [Thread-1 (]: On seed.dw_bootcamp.Airline_Delay_Cause: 
          insert into "dbt_db"."public"."Airline_Delay_Cause" ("year", "month", "carrier", "carrier_name", "airport", "airport_name", "arr_flights", "arr_del15", "carrier_ct", "weather_ct", "nas_ct", "security_ct", "late_aircraft_ct", "arr_cancelled", "arr_diverted", "arr_delay", "carrier_delay", "weather_delay", "nas_delay", "security_delay", "late_aircraft_delay") values
          (%s,%s,%s,%s,%s,%s,%s,%s,%s,%s,%s,%s,%s,%s,%s,%s,%s,%s,%s,%s,%s),(%s,%s,%s,%s,%s,%s,%s,%s,%s,%s,%s,%s,%s,%s,%s,%s,%s,%s,%s,%s...
[0m13:40:57.304197 [debug] [Thread-1 (]: SQL status: INSERT 0 10000 in 0.368 seconds
[0m13:41:27.424695 [debug] [Thread-1 (]: Using postgres connection "seed.dw_bootcamp.Airline_Delay_Cause"
[0m13:41:27.425123 [debug] [Thread-1 (]: On seed.dw_bootcamp.Airline_Delay_Cause: 
          insert into "dbt_db"."public"."Airline_Delay_Cause" ("year", "month", "carrier", "carrier_name", "airport", "airport_name", "arr_flights", "arr_del15", "carrier_ct", "weather_ct", "nas_ct", "security_ct", "late_aircraft_ct", "arr_cancelled", "arr_diverted", "arr_delay", "carrier_delay", "weather_delay", "nas_delay", "security_delay", "late_aircraft_delay") values
          (%s,%s,%s,%s,%s,%s,%s,%s,%s,%s,%s,%s,%s,%s,%s,%s,%s,%s,%s,%s,%s),(%s,%s,%s,%s,%s,%s,%s,%s,%s,%s,%s,%s,%s,%s,%s,%s,%s,%s,%s,%s...
[0m13:41:27.799628 [debug] [Thread-1 (]: SQL status: INSERT 0 10000 in 0.374 seconds
[0m13:41:57.575336 [debug] [Thread-1 (]: Using postgres connection "seed.dw_bootcamp.Airline_Delay_Cause"
[0m13:41:57.585043 [debug] [Thread-1 (]: On seed.dw_bootcamp.Airline_Delay_Cause: 
          insert into "dbt_db"."public"."Airline_Delay_Cause" ("year", "month", "carrier", "carrier_name", "airport", "airport_name", "arr_flights", "arr_del15", "carrier_ct", "weather_ct", "nas_ct", "security_ct", "late_aircraft_ct", "arr_cancelled", "arr_diverted", "arr_delay", "carrier_delay", "weather_delay", "nas_delay", "security_delay", "late_aircraft_delay") values
          (%s,%s,%s,%s,%s,%s,%s,%s,%s,%s,%s,%s,%s,%s,%s,%s,%s,%s,%s,%s,%s),(%s,%s,%s,%s,%s,%s,%s,%s,%s,%s,%s,%s,%s,%s,%s,%s,%s,%s,%s,%s...
[0m13:41:58.029266 [debug] [Thread-1 (]: SQL status: INSERT 0 10000 in 0.443 seconds
[0m13:42:27.863645 [debug] [Thread-1 (]: Using postgres connection "seed.dw_bootcamp.Airline_Delay_Cause"
[0m13:42:27.864111 [debug] [Thread-1 (]: On seed.dw_bootcamp.Airline_Delay_Cause: 
          insert into "dbt_db"."public"."Airline_Delay_Cause" ("year", "month", "carrier", "carrier_name", "airport", "airport_name", "arr_flights", "arr_del15", "carrier_ct", "weather_ct", "nas_ct", "security_ct", "late_aircraft_ct", "arr_cancelled", "arr_diverted", "arr_delay", "carrier_delay", "weather_delay", "nas_delay", "security_delay", "late_aircraft_delay") values
          (%s,%s,%s,%s,%s,%s,%s,%s,%s,%s,%s,%s,%s,%s,%s,%s,%s,%s,%s,%s,%s),(%s,%s,%s,%s,%s,%s,%s,%s,%s,%s,%s,%s,%s,%s,%s,%s,%s,%s,%s,%s...
[0m13:42:28.256118 [debug] [Thread-1 (]: SQL status: INSERT 0 10000 in 0.392 seconds
[0m13:42:52.146070 [debug] [Thread-1 (]: Using postgres connection "seed.dw_bootcamp.Airline_Delay_Cause"
[0m13:42:52.146501 [debug] [Thread-1 (]: On seed.dw_bootcamp.Airline_Delay_Cause: 
          insert into "dbt_db"."public"."Airline_Delay_Cause" ("year", "month", "carrier", "carrier_name", "airport", "airport_name", "arr_flights", "arr_del15", "carrier_ct", "weather_ct", "nas_ct", "security_ct", "late_aircraft_ct", "arr_cancelled", "arr_diverted", "arr_delay", "carrier_delay", "weather_delay", "nas_delay", "security_delay", "late_aircraft_delay") values
          (%s,%s,%s,%s,%s,%s,%s,%s,%s,%s,%s,%s,%s,%s,%s,%s,%s,%s,%s,%s,%s),(%s,%s,%s,%s,%s,%s,%s,%s,%s,%s,%s,%s,%s,%s,%s,%s,%s,%s,%s,%s...
[0m13:42:52.455879 [debug] [Thread-1 (]: SQL status: INSERT 0 8017 in 0.306 seconds
[0m13:42:52.639477 [debug] [Thread-1 (]: Writing runtime SQL for node "seed.dw_bootcamp.Airline_Delay_Cause"
[0m13:42:52.782700 [debug] [Thread-1 (]: On seed.dw_bootcamp.Airline_Delay_Cause: COMMIT
[0m13:42:52.783410 [debug] [Thread-1 (]: Using postgres connection "seed.dw_bootcamp.Airline_Delay_Cause"
[0m13:42:52.783755 [debug] [Thread-1 (]: On seed.dw_bootcamp.Airline_Delay_Cause: COMMIT
[0m13:42:52.815962 [debug] [Thread-1 (]: SQL status: COMMIT in 0.032 seconds
[0m13:42:52.833113 [debug] [Thread-1 (]: On seed.dw_bootcamp.Airline_Delay_Cause: Close
[0m13:42:52.882658 [debug] [Thread-1 (]: Sending event: {'category': 'dbt', 'action': 'run_model', 'label': 'be400c6f-16c7-4306-bd0b-ff8f3a358ef1', 'context': [<snowplow_tracker.self_describing_json.SelfDescribingJson object at 0x00000184E37B6780>]}
[0m13:42:52.890465 [info ] [Thread-1 (]: 1 of 1 OK loaded seed file public.Airline_Delay_Cause .......................... [[32mINSERT 318017[0m in 1050.38s]
[0m13:42:52.894526 [debug] [Thread-1 (]: Finished running node seed.dw_bootcamp.Airline_Delay_Cause
[0m13:42:52.921884 [debug] [MainThread]: On master: COMMIT
[0m13:42:52.922688 [debug] [MainThread]: Using postgres connection "master"
[0m13:42:52.922981 [debug] [MainThread]: On master: COMMIT
[0m13:42:52.925411 [debug] [MainThread]: Opening a new connection, currently in state closed
[0m13:42:52.962337 [debug] [MainThread]: SQL status: COMMIT in 0.039 seconds
[0m13:42:52.962737 [debug] [MainThread]: On master: Close
[0m13:42:52.963598 [debug] [MainThread]: Connection 'master' was properly closed.
[0m13:42:52.963907 [debug] [MainThread]: Connection 'list_dbt_db' was properly closed.
[0m13:42:52.964159 [debug] [MainThread]: Connection 'list_dbt_db_public' was properly closed.
[0m13:42:52.964401 [debug] [MainThread]: Connection 'seed.dw_bootcamp.Airline_Delay_Cause' was properly closed.
[0m13:42:52.966776 [info ] [MainThread]: 
[0m13:42:52.967716 [info ] [MainThread]: Finished running 1 seed in 0 hours 17 minutes and 31.29 seconds (1051.29s).
[0m13:42:52.973840 [debug] [MainThread]: Command end result
[0m13:42:53.078454 [debug] [MainThread]: Wrote artifact WritableManifest to C:\Users\Ian\OneDrive\Área de Trabalho\DW_PROJECT\2_data_warehouse\dw_bootcamp\target\manifest.json
[0m13:42:53.141675 [debug] [MainThread]: Wrote artifact SemanticManifest to C:\Users\Ian\OneDrive\Área de Trabalho\DW_PROJECT\2_data_warehouse\dw_bootcamp\target\semantic_manifest.json
[0m13:42:53.151635 [debug] [MainThread]: Wrote artifact OsiDocument to C:\Users\Ian\OneDrive\Área de Trabalho\DW_PROJECT\2_data_warehouse\dw_bootcamp\target\osi_document.json
[0m13:42:53.187806 [debug] [MainThread]: Wrote artifact RunExecutionResult to C:\Users\Ian\OneDrive\Área de Trabalho\DW_PROJECT\2_data_warehouse\dw_bootcamp\target\run_results.json
[0m13:42:53.188259 [info ] [MainThread]: 
[0m13:42:53.190105 [info ] [MainThread]: [32mCompleted successfully[0m
[0m13:42:53.190732 [info ] [MainThread]: 
[0m13:42:53.192464 [info ] [MainThread]: Done. PASS=1 WARN=0 ERROR=0 SKIP=0 NO-OP=0 REUSED=0 TOTAL=1
[0m13:42:53.201013 [debug] [MainThread]: Command `dbt seed` succeeded at 13:42:53.200808 after 1056.85 seconds
[0m13:42:53.205412 [debug] [MainThread]: Sending event: {'category': 'dbt', 'action': 'invocation', 'label': 'end', 'context': [<snowplow_tracker.self_describing_json.SelfDescribingJson object at 0x00000184E69DEF30>, <snowplow_tracker.self_describing_json.SelfDescribingJson object at 0x00000184E99FFD10>, <snowplow_tracker.self_describing_json.SelfDescribingJson object at 0x00000184E6AC05D0>]}
[0m13:42:53.205999 [debug] [MainThread]: Flushing usage events
[0m13:42:54.047299 [debug] [MainThread]: An error was encountered while trying to flush usage events
[0m13:53:44.774080 [debug] [MainThread]: Sending event: {'category': 'dbt', 'action': 'invocation', 'label': 'start', 'context': [<snowplow_tracker.self_describing_json.SelfDescribingJson object at 0x000001EB28C88D70>, <snowplow_tracker.self_describing_json.SelfDescribingJson object at 0x000001EB264ED1D0>, <snowplow_tracker.self_describing_json.SelfDescribingJson object at 0x000001EB2B5739D0>]}


============================== 13:53:44.779969 | fad01e72-b9ce-4a42-871f-3723136851a7 ==============================
[0m13:53:44.779969 [info ] [MainThread]: Running with dbt=1.12.0
[0m13:53:44.780778 [debug] [MainThread]: running dbt with arguments {'static_parser': 'True', 'no_print': 'None', 'maximum_seed_size_mib': '1', 'target_path': 'None', 'warn_error_options': 'WarnErrorOptionsV2(error=[], warn=[], silence=[])', 'version_check': 'True', 'printer_width': '80', 'write_json': 'True', 'introspect': 'True', 'log_cache_events': 'False', 'empty': 'False', 'cache_selected_only': 'False', 'fail_fast': 'False', 'debug': 'False', 'log_format': 'default', 'profiles_dir': 'C:\\Users\\Ian\\OneDrive\\Área de Trabalho\\DW_PROJECT\\2_data_warehouse\\dw_bootcamp', 'send_anonymous_usage_stats': 'True', 'quiet': 'False', 'warn_error': 'None', 'partial_parse': 'True', 'use_colors': 'True', 'hints_enabled': 'True', 'indirect_selection': 'eager', 'use_experimental_parser': 'False', 'invocation_command': 'dbt build --exclude-resource-type seed', 'log_path': 'C:\\Users\\Ian\\OneDrive\\Área de Trabalho\\DW_PROJECT\\2_data_warehouse\\dw_bootcamp\\logs'}
[0m13:53:45.029645 [debug] [MainThread]: Sending event: {'category': 'dbt', 'action': 'project_id', 'label': 'fad01e72-b9ce-4a42-871f-3723136851a7', 'context': [<snowplow_tracker.self_describing_json.SelfDescribingJson object at 0x000001EB2B4EEFD0>]}
[0m13:53:45.097669 [debug] [MainThread]: Sending event: {'category': 'dbt', 'action': 'adapter_info', 'label': 'fad01e72-b9ce-4a42-871f-3723136851a7', 'context': [<snowplow_tracker.self_describing_json.SelfDescribingJson object at 0x000001EB2B35DAE0>]}
[0m13:53:45.099951 [info ] [MainThread]: Registered adapter: postgres=1.11.0
[0m13:53:45.476058 [debug] [MainThread]: checksum: 405a9d657d6f6c8dad658f9546ce79d95769a20c4dd31677d4c9579477a65c57, vars: {}, profile: dw_bootcamp, target: dev, version: 1.12.0
[0m13:53:45.725978 [debug] [MainThread]: Partial parsing enabled: 0 files deleted, 1 files added, 0 files changed.
[0m13:53:45.726445 [debug] [MainThread]: Partial parsing: added file: dw_bootcamp://models\staging\stg_airline_delay_cause.sql
[0m13:53:46.035843 [warn ] [MainThread]: [[33mWARNING[0m]: Configuration paths exist in your dbt_project.yml file which do not apply to any resources.
There are 2 unused configuration paths:
- models.dw_bootcamp.mart
- models.dw_bootcamp.intermediate
[0m13:53:46.040034 [debug] [MainThread]: Sending event: {'category': 'dbt', 'action': 'load_project', 'label': 'fad01e72-b9ce-4a42-871f-3723136851a7', 'context': [<snowplow_tracker.self_describing_json.SelfDescribingJson object at 0x000001EB2C2E1B50>]}
[0m13:53:46.153528 [debug] [MainThread]: Wrote artifact WritableManifest to C:\Users\Ian\OneDrive\Área de Trabalho\DW_PROJECT\2_data_warehouse\dw_bootcamp\target\manifest.json
[0m13:53:46.157597 [debug] [MainThread]: Wrote artifact SemanticManifest to C:\Users\Ian\OneDrive\Área de Trabalho\DW_PROJECT\2_data_warehouse\dw_bootcamp\target\semantic_manifest.json
[0m13:53:46.198445 [debug] [MainThread]: Wrote artifact OsiDocument to C:\Users\Ian\OneDrive\Área de Trabalho\DW_PROJECT\2_data_warehouse\dw_bootcamp\target\osi_document.json
[0m13:53:46.516403 [debug] [MainThread]: Sending event: {'category': 'dbt', 'action': 'resource_counts', 'label': 'fad01e72-b9ce-4a42-871f-3723136851a7', 'context': [<snowplow_tracker.self_describing_json.SelfDescribingJson object at 0x000001EB2EB43D40>]}
[0m13:53:46.516888 [info ] [MainThread]: Found 1 seed, 1 model, 901 macros
[0m13:53:46.518964 [info ] [MainThread]: 
[0m13:53:46.519409 [info ] [MainThread]: Concurrency: 4 threads (target='dev')
[0m13:53:46.519782 [info ] [MainThread]: 
[0m13:53:46.520383 [debug] [MainThread]: Acquiring new postgres connection 'master'
[0m13:53:46.521498 [debug] [ThreadPool]: Acquiring new postgres connection 'list_dbt_db'
[0m13:53:46.725578 [debug] [ThreadPool]: Using postgres connection "list_dbt_db"
[0m13:53:46.725932 [debug] [ThreadPool]: On list_dbt_db: /* {"app": "dbt", "dbt_version": "1.12.0", "profile_name": "dw_bootcamp", "target_name": "dev", "connection_name": "list_dbt_db"} */

    select distinct nspname from pg_namespace
  
[0m13:53:46.726248 [debug] [ThreadPool]: Opening a new connection, currently in state init
[0m13:53:46.822162 [debug] [ThreadPool]: SQL status: SELECT 4 in 0.096 seconds
[0m13:53:46.823305 [debug] [ThreadPool]: On list_dbt_db: Close
[0m13:53:46.827901 [debug] [ThreadPool]: Acquiring new postgres connection 'list_dbt_db_public'
[0m13:53:46.832656 [debug] [ThreadPool]: Using postgres connection "list_dbt_db_public"
[0m13:53:46.832990 [debug] [ThreadPool]: On list_dbt_db_public: /* {"app": "dbt", "dbt_version": "1.12.0", "profile_name": "dw_bootcamp", "target_name": "dev", "connection_name": "list_dbt_db_public"} */
select
      'dbt_db' as database,
      tablename as name,
      schemaname as schema,
      'table' as type
    from pg_tables
    where schemaname ilike 'public'
    union all
    select
      'dbt_db' as database,
      viewname as name,
      schemaname as schema,
      'view' as type
    from pg_views
    where schemaname ilike 'public'
    union all
    select
      'dbt_db' as database,
      matviewname as name,
      schemaname as schema,
      'materialized_view' as type
    from pg_matviews
    where schemaname ilike 'public'
    union all
    select distinct
     'dbt_db' as database,
     proname as name,
     ns.nspname as schema,
     'function' as type
    from pg_proc
     join pg_namespace as ns on pronamespace = ns.oid
    where ns.nspname ilike 'public'
  
[0m13:53:46.833282 [debug] [ThreadPool]: Opening a new connection, currently in state init
[0m13:53:46.911151 [debug] [ThreadPool]: SQL status: SELECT 1 in 0.078 seconds
[0m13:53:46.912314 [debug] [ThreadPool]: On list_dbt_db_public: ROLLBACK
[0m13:53:46.913233 [debug] [ThreadPool]: On list_dbt_db_public: Close
[0m13:53:46.916820 [debug] [MainThread]: Using postgres connection "master"
[0m13:53:46.917183 [debug] [MainThread]: On master: /* {"app": "dbt", "dbt_version": "1.12.0", "profile_name": "dw_bootcamp", "target_name": "dev", "connection_name": "master"} */
select distinct
        dependent_namespace.nspname as dependent_schema,
        dependent_class.relname as dependent_name,
        referenced_namespace.nspname as referenced_schema,
        referenced_class.relname as referenced_name

    -- Query for views: views are entries in pg_class with an entry in pg_rewrite, but we avoid
    -- a seq scan on pg_rewrite by leveraging the fact there is an "internal" row in pg_depend for
    -- the view...
    from pg_class as dependent_class
    join pg_namespace as dependent_namespace on dependent_namespace.oid = dependent_class.relnamespace
    join pg_depend as dependent_depend on dependent_depend.refobjid = dependent_class.oid
        and dependent_depend.classid = 'pg_rewrite'::regclass
        and dependent_depend.refclassid = 'pg_class'::regclass
        and dependent_depend.deptype = 'i'

    -- ... and via pg_depend (that has a row per column, hence the need for "distinct" above, and
    -- making sure to exclude the internal row to avoid a view appearing to depend on itself)...
    join pg_depend as joining_depend on joining_depend.objid = dependent_depend.objid
        and joining_depend.classid = 'pg_rewrite'::regclass
        and joining_depend.refclassid = 'pg_class'::regclass
        and joining_depend.refobjid != dependent_depend.refobjid

    -- ... we can find the tables they query from in pg_class, but excluding system tables. Note we
    -- don't need need to exclude _dependent_ system tables, because they only query from other
    -- system tables, and so are automatically excluded by excluding _referenced_ system tables
    join pg_class as referenced_class on referenced_class.oid = joining_depend.refobjid
    join pg_namespace as referenced_namespace on referenced_namespace.oid = referenced_class.relnamespace
        and referenced_namespace.nspname != 'information_schema'
        and referenced_namespace.nspname not like 'pg\_%'

    order by
        dependent_schema, dependent_name, referenced_schema, referenced_name;
[0m13:53:46.917510 [debug] [MainThread]: Opening a new connection, currently in state init
[0m13:53:46.947546 [debug] [MainThread]: SQL status: SELECT 0 in 0.030 seconds
[0m13:53:46.949068 [debug] [MainThread]: Sending event: {'category': 'dbt', 'action': 'runnable_timing', 'label': 'fad01e72-b9ce-4a42-871f-3723136851a7', 'context': [<snowplow_tracker.self_describing_json.SelfDescribingJson object at 0x000001EB2EBA43D0>]}
[0m13:53:46.949495 [debug] [MainThread]: On master: ROLLBACK
[0m13:53:46.950276 [debug] [MainThread]: On master: COMMIT
[0m13:53:46.950585 [debug] [MainThread]: Using postgres connection "master"
[0m13:53:46.950860 [debug] [MainThread]: On master: COMMIT
[0m13:53:46.951870 [debug] [MainThread]: SQL status: COMMIT in 0.001 seconds
[0m13:53:46.952174 [debug] [MainThread]: On master: Close
[0m13:53:46.958383 [debug] [Thread-1 (]: Began running node model.dw_bootcamp.stg_airline_delay_cause
[0m13:53:46.958947 [info ] [Thread-1 (]: 1 of 1 START sql view model public.stg_airline_delay_cause ..................... [RUN]
[0m13:53:46.959600 [debug] [Thread-1 (]: Acquiring new postgres connection 'model.dw_bootcamp.stg_airline_delay_cause'
[0m13:53:46.959964 [debug] [Thread-1 (]: Began compiling node model.dw_bootcamp.stg_airline_delay_cause
[0m13:53:46.966572 [debug] [Thread-1 (]: Writing injected SQL for node "model.dw_bootcamp.stg_airline_delay_cause"
[0m13:53:46.969765 [debug] [Thread-1 (]: Began executing node model.dw_bootcamp.stg_airline_delay_cause
[0m13:53:47.004656 [debug] [Thread-1 (]: Writing runtime sql for node "model.dw_bootcamp.stg_airline_delay_cause"
[0m13:53:47.007498 [debug] [Thread-1 (]: Using postgres connection "model.dw_bootcamp.stg_airline_delay_cause"
[0m13:53:47.007986 [debug] [Thread-1 (]: On model.dw_bootcamp.stg_airline_delay_cause: /* {"app": "dbt", "dbt_version": "1.12.0", "profile_name": "dw_bootcamp", "target_name": "dev", "node_id": "model.dw_bootcamp.stg_airline_delay_cause"} */

  create view "dbt_db"."public"."stg_airline_delay_cause__dbt_tmp"
    
    
  as (
    with src as (

    select
        year,
        month,
        carrier,
        carrier_name,
        airport,
        airport_name,
        arr_flights,
        arr_del15,
        carrier_ct,
        weather_ct,
        nas_ct,
        security_ct,
        late_aircraft_ct,
        arr_cancelled,
        arr_diverted,
        arr_delay,
        carrier_delay,
        weather_delay,
        nas_delay,
        security_delay,
        late_aircraft_delay
    from "dbt_db"."public"."Airline_Delay_Cause"

),

typed as (

    select
        cast(year as integer)  as year,
        cast(month as integer) as month,

        cast(carrier as text)       as carrier,
        cast(carrier_name as text)  as carrier_name,

        cast(airport as text)       as airport,
        cast(airport_name as text)  as airport_name,

        cast(arr_flights as integer) as arr_flights,
        cast(arr_del15 as integer)   as arr_del15,

        cast(carrier_ct as numeric)       as carrier_ct,
        cast(weather_ct as numeric)       as weather_ct,
        cast(nas_ct as numeric)           as nas_ct,
        cast(security_ct as numeric)      as security_ct,
        cast(late_aircraft_ct as numeric) as late_aircraft_ct,

        cast(arr_cancelled as integer) as arr_cancelled,
        cast(arr_diverted as integer)  as arr_diverted,

        cast(arr_delay as integer)          as arr_delay,
        cast(carrier_delay as integer)      as carrier_delay,
        cast(weather_delay as integer)      as weather_delay,
        cast(nas_delay as integer)          as nas_delay,
        cast(security_delay as integer)     as security_delay,
        cast(late_aircraft_delay as integer) as late_aircraft_delay,

        (cast(year as integer) * 100 + cast(month as integer)) as year_month_key

    from src
)

select *
from typed
  );
[0m13:53:47.008385 [debug] [Thread-1 (]: Opening a new connection, currently in state init
[0m13:53:47.046003 [debug] [Thread-1 (]: SQL status: CREATE VIEW in 0.038 seconds
[0m13:53:47.052709 [debug] [Thread-1 (]: Using postgres connection "model.dw_bootcamp.stg_airline_delay_cause"
[0m13:53:47.053409 [debug] [Thread-1 (]: On model.dw_bootcamp.stg_airline_delay_cause: /* {"app": "dbt", "dbt_version": "1.12.0", "profile_name": "dw_bootcamp", "target_name": "dev", "node_id": "model.dw_bootcamp.stg_airline_delay_cause"} */
alter table "dbt_db"."public"."stg_airline_delay_cause__dbt_tmp" rename to "stg_airline_delay_cause"
[0m13:53:47.056584 [debug] [Thread-1 (]: SQL status: ALTER TABLE in 0.003 seconds
[0m13:53:47.072689 [debug] [Thread-1 (]: On model.dw_bootcamp.stg_airline_delay_cause: COMMIT
[0m13:53:47.073137 [debug] [Thread-1 (]: Using postgres connection "model.dw_bootcamp.stg_airline_delay_cause"
[0m13:53:47.073488 [debug] [Thread-1 (]: On model.dw_bootcamp.stg_airline_delay_cause: COMMIT
[0m13:53:47.084772 [debug] [Thread-1 (]: SQL status: COMMIT in 0.011 seconds
[0m13:53:47.089987 [debug] [Thread-1 (]: Applying DROP to: "dbt_db"."public"."stg_airline_delay_cause__dbt_backup"
[0m13:53:47.094800 [debug] [Thread-1 (]: Using postgres connection "model.dw_bootcamp.stg_airline_delay_cause"
[0m13:53:47.095199 [debug] [Thread-1 (]: On model.dw_bootcamp.stg_airline_delay_cause: /* {"app": "dbt", "dbt_version": "1.12.0", "profile_name": "dw_bootcamp", "target_name": "dev", "node_id": "model.dw_bootcamp.stg_airline_delay_cause"} */
drop view if exists "dbt_db"."public"."stg_airline_delay_cause__dbt_backup" cascade
[0m13:53:47.098356 [debug] [Thread-1 (]: SQL status: DROP VIEW in 0.003 seconds
[0m13:53:47.101099 [debug] [Thread-1 (]: On model.dw_bootcamp.stg_airline_delay_cause: Close
[0m13:53:47.104513 [debug] [Thread-1 (]: Sending event: {'category': 'dbt', 'action': 'run_model', 'label': 'fad01e72-b9ce-4a42-871f-3723136851a7', 'context': [<snowplow_tracker.self_describing_json.SelfDescribingJson object at 0x000001EB2F01D230>]}
[0m13:53:47.105247 [info ] [Thread-1 (]: 1 of 1 OK created sql view model public.stg_airline_delay_cause ................ [[32mCREATE VIEW[0m in 0.14s]
[0m13:53:47.105940 [debug] [Thread-1 (]: Finished running node model.dw_bootcamp.stg_airline_delay_cause
[0m13:53:47.107866 [debug] [MainThread]: On master: COMMIT
[0m13:53:47.108348 [debug] [MainThread]: Using postgres connection "master"
[0m13:53:47.108646 [debug] [MainThread]: On master: COMMIT
[0m13:53:47.108919 [debug] [MainThread]: Opening a new connection, currently in state closed
[0m13:53:47.124692 [debug] [MainThread]: SQL status: COMMIT in 0.016 seconds
[0m13:53:47.125145 [debug] [MainThread]: On master: Close
[0m13:53:47.125743 [debug] [MainThread]: Connection 'master' was properly closed.
[0m13:53:47.126122 [debug] [MainThread]: Connection 'list_dbt_db' was properly closed.
[0m13:53:47.126402 [debug] [MainThread]: Connection 'list_dbt_db_public' was properly closed.
[0m13:53:47.126661 [debug] [MainThread]: Connection 'model.dw_bootcamp.stg_airline_delay_cause' was properly closed.
[0m13:53:47.126987 [info ] [MainThread]: 
[0m13:53:47.127505 [info ] [MainThread]: Finished running 1 view model in 0 hours 0 minutes and 0.61 seconds (0.61s).
[0m13:53:47.128543 [debug] [MainThread]: Command end result
[0m13:53:47.203167 [debug] [MainThread]: Wrote artifact WritableManifest to C:\Users\Ian\OneDrive\Área de Trabalho\DW_PROJECT\2_data_warehouse\dw_bootcamp\target\manifest.json
[0m13:53:47.206796 [debug] [MainThread]: Wrote artifact SemanticManifest to C:\Users\Ian\OneDrive\Área de Trabalho\DW_PROJECT\2_data_warehouse\dw_bootcamp\target\semantic_manifest.json
[0m13:53:47.210306 [debug] [MainThread]: Wrote artifact OsiDocument to C:\Users\Ian\OneDrive\Área de Trabalho\DW_PROJECT\2_data_warehouse\dw_bootcamp\target\osi_document.json
[0m13:53:47.219698 [debug] [MainThread]: Wrote artifact RunExecutionResult to C:\Users\Ian\OneDrive\Área de Trabalho\DW_PROJECT\2_data_warehouse\dw_bootcamp\target\run_results.json
[0m13:53:47.220072 [info ] [MainThread]: 
[0m13:53:47.220539 [info ] [MainThread]: [32mCompleted successfully[0m
[0m13:53:47.220942 [info ] [MainThread]: 
[0m13:53:47.221336 [info ] [MainThread]: Done. PASS=1 WARN=0 ERROR=0 SKIP=0 NO-OP=0 REUSED=0 TOTAL=1
[0m13:53:47.222335 [debug] [MainThread]: Command `dbt build` succeeded at 13:53:47.222220 after 2.84 seconds
[0m13:53:47.222693 [debug] [MainThread]: Sending event: {'category': 'dbt', 'action': 'invocation', 'label': 'end', 'context': [<snowplow_tracker.self_describing_json.SelfDescribingJson object at 0x000001EB2C62D790>, <snowplow_tracker.self_describing_json.SelfDescribingJson object at 0x000001EB2F0CE990>, <snowplow_tracker.self_describing_json.SelfDescribingJson object at 0x000001EB2F0CED00>]}
[0m13:53:47.223029 [debug] [MainThread]: Flushing usage events
[0m13:53:48.013875 [debug] [MainThread]: An error was encountered while trying to flush usage events
[0m13:32:20.320072 [debug] [MainThread]: Sending event: {'category': 'dbt', 'action': 'invocation', 'label': 'start', 'context': [<snowplow_tracker.self_describing_json.SelfDescribingJson object at 0x0000022EF5708D70>, <snowplow_tracker.self_describing_json.SelfDescribingJson object at 0x0000022EF2F6D1D0>, <snowplow_tracker.self_describing_json.SelfDescribingJson object at 0x0000022EF7FF39D0>]}


============================== 13:32:20.324930 | b87aca52-edda-4570-bee6-7b5870ad8a61 ==============================
[0m13:32:20.324930 [info ] [MainThread]: Running with dbt=1.12.0
[0m13:32:20.325681 [debug] [MainThread]: running dbt with arguments {'static_parser': 'True', 'no_print': 'None', 'maximum_seed_size_mib': '1', 'target_path': 'None', 'warn_error_options': 'WarnErrorOptionsV2(error=[], warn=[], silence=[])', 'version_check': 'True', 'printer_width': '80', 'write_json': 'True', 'empty': 'False', 'log_cache_events': 'False', 'introspect': 'True', 'cache_selected_only': 'False', 'fail_fast': 'False', 'debug': 'False', 'log_format': 'default', 'profiles_dir': 'C:\\Users\\Ian\\OneDrive\\Área de Trabalho\\DW_PROJECT\\2_data_warehouse\\dw_bootcamp', 'send_anonymous_usage_stats': 'True', 'quiet': 'False', 'warn_error': 'None', 'partial_parse': 'True', 'invocation_command': 'dbt run --select intermediate', 'hints_enabled': 'True', 'indirect_selection': 'eager', 'use_experimental_parser': 'False', 'use_colors': 'True', 'log_path': 'C:\\Users\\Ian\\OneDrive\\Área de Trabalho\\DW_PROJECT\\2_data_warehouse\\dw_bootcamp\\logs'}
[0m13:32:20.725567 [debug] [MainThread]: Sending event: {'category': 'dbt', 'action': 'project_id', 'label': 'b87aca52-edda-4570-bee6-7b5870ad8a61', 'context': [<snowplow_tracker.self_describing_json.SelfDescribingJson object at 0x0000022EF7F6AFD0>]}
[0m13:32:20.793549 [debug] [MainThread]: Sending event: {'category': 'dbt', 'action': 'adapter_info', 'label': 'b87aca52-edda-4570-bee6-7b5870ad8a61', 'context': [<snowplow_tracker.self_describing_json.SelfDescribingJson object at 0x0000022EF7DDDAE0>]}
[0m13:32:20.796056 [info ] [MainThread]: Registered adapter: postgres=1.11.0
[0m13:32:21.430450 [debug] [MainThread]: checksum: 405a9d657d6f6c8dad658f9546ce79d95769a20c4dd31677d4c9579477a65c57, vars: {}, profile: dw_bootcamp, target: dev, version: 1.12.0
[0m13:32:24.479117 [debug] [MainThread]: Partial parsing enabled: 0 files deleted, 9 files added, 0 files changed.
[0m13:32:24.481013 [debug] [MainThread]: Partial parsing: added file: dw_bootcamp://models\intermediate\int_dim_carrier.sql
[0m13:32:24.481714 [debug] [MainThread]: Partial parsing: added file: dw_bootcamp://models\intermediate\int_dim_month.sql
[0m13:32:24.482194 [debug] [MainThread]: Partial parsing: added file: dw_bootcamp://models\mart\mart_monthly_kpis.sql
[0m13:32:24.482623 [debug] [MainThread]: Partial parsing: added file: dw_bootcamp://models\mart\mart_delay_causes_share_month.sql
[0m13:32:24.483050 [debug] [MainThread]: Partial parsing: added file: dw_bootcamp://models\intermediate\int_dim_airport.sql
[0m13:32:24.483486 [debug] [MainThread]: Partial parsing: added file: dw_bootcamp://models\intermediate\int_fct_flight_delays.sql
[0m13:32:24.484021 [debug] [MainThread]: Partial parsing: added file: dw_bootcamp://models\mart\mart_delay_causes_long.sql
[0m13:32:24.484343 [debug] [MainThread]: Partial parsing: added file: dw_bootcamp://models\mart\mart_carrier_performance.sql
[0m13:32:24.484644 [debug] [MainThread]: Partial parsing: added file: dw_bootcamp://models\mart\mart_airport_performance.sql
[0m13:32:24.887046 [debug] [MainThread]: Sending event: {'category': 'dbt', 'action': 'load_project', 'label': 'b87aca52-edda-4570-bee6-7b5870ad8a61', 'context': [<snowplow_tracker.self_describing_json.SelfDescribingJson object at 0x0000022EF8D4E750>]}
[0m13:32:25.057544 [debug] [MainThread]: Wrote artifact WritableManifest to C:\Users\Ian\OneDrive\Área de Trabalho\DW_PROJECT\2_data_warehouse\dw_bootcamp\target\manifest.json
[0m13:32:25.084636 [debug] [MainThread]: Wrote artifact SemanticManifest to C:\Users\Ian\OneDrive\Área de Trabalho\DW_PROJECT\2_data_warehouse\dw_bootcamp\target\semantic_manifest.json
[0m13:32:25.163009 [debug] [MainThread]: Wrote artifact OsiDocument to C:\Users\Ian\OneDrive\Área de Trabalho\DW_PROJECT\2_data_warehouse\dw_bootcamp\target\osi_document.json
[0m13:32:25.190882 [debug] [MainThread]: Sending event: {'category': 'dbt', 'action': 'resource_counts', 'label': 'b87aca52-edda-4570-bee6-7b5870ad8a61', 'context': [<snowplow_tracker.self_describing_json.SelfDescribingJson object at 0x0000022EF8B10AA0>]}
[0m13:32:25.192235 [info ] [MainThread]: Found 1 seed, 10 models, 901 macros
[0m13:32:25.192720 [debug] [MainThread]: Sending event: {'category': 'dbt', 'action': 'runnable_timing', 'label': 'b87aca52-edda-4570-bee6-7b5870ad8a61', 'context': [<snowplow_tracker.self_describing_json.SelfDescribingJson object at 0x0000022EF8B03E70>]}
[0m13:32:25.195925 [info ] [MainThread]: 
[0m13:32:25.197191 [info ] [MainThread]: Concurrency: 4 threads (target='dev')
[0m13:32:25.199390 [info ] [MainThread]: 
[0m13:32:25.201958 [debug] [MainThread]: Acquiring new postgres connection 'master'
[0m13:32:25.209922 [debug] [ThreadPool]: Acquiring new postgres connection 'list_dbt_db'
[0m13:32:29.907621 [debug] [ThreadPool]: Using postgres connection "list_dbt_db"
[0m13:32:29.908045 [debug] [ThreadPool]: On list_dbt_db: /* {"app": "dbt", "dbt_version": "1.12.0", "profile_name": "dw_bootcamp", "target_name": "dev", "connection_name": "list_dbt_db"} */

    select distinct nspname from pg_namespace
  
[0m13:32:29.908396 [debug] [ThreadPool]: Opening a new connection, currently in state init
[0m13:32:29.994902 [debug] [ThreadPool]: SQL status: SELECT 4 in 0.086 seconds
[0m13:32:29.996759 [debug] [ThreadPool]: On list_dbt_db: Close
[0m13:32:30.000143 [debug] [ThreadPool]: Acquiring new postgres connection 'list_dbt_db_public'
[0m13:32:30.005498 [debug] [ThreadPool]: Using postgres connection "list_dbt_db_public"
[0m13:32:30.005888 [debug] [ThreadPool]: On list_dbt_db_public: /* {"app": "dbt", "dbt_version": "1.12.0", "profile_name": "dw_bootcamp", "target_name": "dev", "connection_name": "list_dbt_db_public"} */
select
      'dbt_db' as database,
      tablename as name,
      schemaname as schema,
      'table' as type
    from pg_tables
    where schemaname ilike 'public'
    union all
    select
      'dbt_db' as database,
      viewname as name,
      schemaname as schema,
      'view' as type
    from pg_views
    where schemaname ilike 'public'
    union all
    select
      'dbt_db' as database,
      matviewname as name,
      schemaname as schema,
      'materialized_view' as type
    from pg_matviews
    where schemaname ilike 'public'
    union all
    select distinct
     'dbt_db' as database,
     proname as name,
     ns.nspname as schema,
     'function' as type
    from pg_proc
     join pg_namespace as ns on pronamespace = ns.oid
    where ns.nspname ilike 'public'
  
[0m13:32:30.006201 [debug] [ThreadPool]: Opening a new connection, currently in state init
[0m13:32:30.041998 [debug] [ThreadPool]: SQL status: SELECT 2 in 0.036 seconds
[0m13:32:30.043278 [debug] [ThreadPool]: On list_dbt_db_public: ROLLBACK
[0m13:32:30.045131 [debug] [ThreadPool]: On list_dbt_db_public: Close
[0m13:32:30.050228 [debug] [MainThread]: Using postgres connection "master"
[0m13:32:30.050647 [debug] [MainThread]: On master: /* {"app": "dbt", "dbt_version": "1.12.0", "profile_name": "dw_bootcamp", "target_name": "dev", "connection_name": "master"} */
select distinct
        dependent_namespace.nspname as dependent_schema,
        dependent_class.relname as dependent_name,
        referenced_namespace.nspname as referenced_schema,
        referenced_class.relname as referenced_name

    -- Query for views: views are entries in pg_class with an entry in pg_rewrite, but we avoid
    -- a seq scan on pg_rewrite by leveraging the fact there is an "internal" row in pg_depend for
    -- the view...
    from pg_class as dependent_class
    join pg_namespace as dependent_namespace on dependent_namespace.oid = dependent_class.relnamespace
    join pg_depend as dependent_depend on dependent_depend.refobjid = dependent_class.oid
        and dependent_depend.classid = 'pg_rewrite'::regclass
        and dependent_depend.refclassid = 'pg_class'::regclass
        and dependent_depend.deptype = 'i'

    -- ... and via pg_depend (that has a row per column, hence the need for "distinct" above, and
    -- making sure to exclude the internal row to avoid a view appearing to depend on itself)...
    join pg_depend as joining_depend on joining_depend.objid = dependent_depend.objid
        and joining_depend.classid = 'pg_rewrite'::regclass
        and joining_depend.refclassid = 'pg_class'::regclass
        and joining_depend.refobjid != dependent_depend.refobjid

    -- ... we can find the tables they query from in pg_class, but excluding system tables. Note we
    -- don't need need to exclude _dependent_ system tables, because they only query from other
    -- system tables, and so are automatically excluded by excluding _referenced_ system tables
    join pg_class as referenced_class on referenced_class.oid = joining_depend.refobjid
    join pg_namespace as referenced_namespace on referenced_namespace.oid = referenced_class.relnamespace
        and referenced_namespace.nspname != 'information_schema'
        and referenced_namespace.nspname not like 'pg\_%'

    order by
        dependent_schema, dependent_name, referenced_schema, referenced_name;
[0m13:32:30.051010 [debug] [MainThread]: Opening a new connection, currently in state init
[0m13:32:30.085463 [debug] [MainThread]: SQL status: SELECT 1 in 0.034 seconds
[0m13:32:30.086800 [debug] [MainThread]: Sending event: {'category': 'dbt', 'action': 'runnable_timing', 'label': 'b87aca52-edda-4570-bee6-7b5870ad8a61', 'context': [<snowplow_tracker.self_describing_json.SelfDescribingJson object at 0x0000022EF8FA3040>]}
[0m13:32:30.087306 [debug] [MainThread]: On master: ROLLBACK
[0m13:32:30.088261 [debug] [MainThread]: On master: COMMIT
[0m13:32:30.088724 [debug] [MainThread]: Using postgres connection "master"
[0m13:32:30.089009 [debug] [MainThread]: On master: COMMIT
[0m13:32:30.090215 [debug] [MainThread]: SQL status: COMMIT in 0.001 seconds
[0m13:32:30.090550 [debug] [MainThread]: On master: Close
[0m13:32:30.101564 [debug] [Thread-1 (]: Began running node model.dw_bootcamp.int_dim_airport
[0m13:32:30.102157 [debug] [Thread-3 (]: Began running node model.dw_bootcamp.int_dim_month
[0m13:32:30.103419 [info ] [Thread-1 (]: 1 of 4 START sql table model public.int_dim_airport ............................ [RUN]
[0m13:32:30.102926 [debug] [Thread-4 (]: Began running node model.dw_bootcamp.int_fct_flight_delays
[0m13:32:30.104636 [debug] [Thread-1 (]: Acquiring new postgres connection 'model.dw_bootcamp.int_dim_airport'
[0m13:32:30.102561 [debug] [Thread-2 (]: Began running node model.dw_bootcamp.int_dim_carrier
[0m13:32:30.105140 [info ] [Thread-4 (]: 4 of 4 START sql table model public.int_fct_flight_delays ...................... [RUN]
[0m13:32:30.106797 [debug] [Thread-4 (]: Acquiring new postgres connection 'model.dw_bootcamp.int_fct_flight_delays'
[0m13:32:30.105496 [debug] [Thread-1 (]: Began compiling node model.dw_bootcamp.int_dim_airport
[0m13:32:30.103965 [info ] [Thread-3 (]: 3 of 4 START sql table model public.int_dim_month .............................. [RUN]
[0m13:32:30.106033 [info ] [Thread-2 (]: 2 of 4 START sql table model public.int_dim_carrier ............................ [RUN]
[0m13:32:30.107312 [debug] [Thread-4 (]: Began compiling node model.dw_bootcamp.int_fct_flight_delays
[0m13:32:30.115976 [debug] [Thread-1 (]: Writing injected SQL for node "model.dw_bootcamp.int_dim_airport"
[0m13:32:30.116929 [debug] [Thread-3 (]: Acquiring new postgres connection 'model.dw_bootcamp.int_dim_month'
[0m13:32:30.117627 [debug] [Thread-2 (]: Acquiring new postgres connection 'model.dw_bootcamp.int_dim_carrier'
[0m13:32:30.121301 [debug] [Thread-2 (]: Began compiling node model.dw_bootcamp.int_dim_carrier
[0m13:32:30.123294 [debug] [Thread-2 (]: Writing injected SQL for node "model.dw_bootcamp.int_dim_carrier"
[0m13:32:30.120162 [debug] [Thread-4 (]: Writing injected SQL for node "model.dw_bootcamp.int_fct_flight_delays"
[0m13:32:30.120840 [debug] [Thread-3 (]: Began compiling node model.dw_bootcamp.int_dim_month
[0m13:32:30.126510 [debug] [Thread-3 (]: Writing injected SQL for node "model.dw_bootcamp.int_dim_month"
[0m13:32:30.129074 [debug] [Thread-1 (]: Began executing node model.dw_bootcamp.int_dim_airport
[0m13:32:30.139066 [debug] [Thread-2 (]: Began executing node model.dw_bootcamp.int_dim_carrier
[0m13:32:30.139624 [debug] [Thread-4 (]: Began executing node model.dw_bootcamp.int_fct_flight_delays
[0m13:32:30.140038 [debug] [Thread-3 (]: Began executing node model.dw_bootcamp.int_dim_month
[0m13:32:30.212685 [debug] [Thread-2 (]: Writing runtime sql for node "model.dw_bootcamp.int_dim_carrier"
[0m13:32:30.215632 [debug] [Thread-4 (]: Writing runtime sql for node "model.dw_bootcamp.int_fct_flight_delays"
[0m13:32:30.216296 [debug] [Thread-1 (]: Writing runtime sql for node "model.dw_bootcamp.int_dim_airport"
[0m13:32:30.218750 [debug] [Thread-3 (]: Writing runtime sql for node "model.dw_bootcamp.int_dim_month"
[0m13:32:30.221287 [debug] [Thread-2 (]: Using postgres connection "model.dw_bootcamp.int_dim_carrier"
[0m13:32:30.221843 [debug] [Thread-2 (]: On model.dw_bootcamp.int_dim_carrier: /* {"app": "dbt", "dbt_version": "1.12.0", "profile_name": "dw_bootcamp", "target_name": "dev", "node_id": "model.dw_bootcamp.int_dim_carrier"} */

  
    

  create  table "dbt_db"."public"."int_dim_carrier__dbt_tmp"
  
  
    as
  
  (
    with base as (
    select
        carrier,
        carrier_name
    from "dbt_db"."public"."stg_airline_delay_cause"
)

select
    carrier                              as carrier_id,
    max(carrier_name)                    as carrier_name
from base
group by carrier
  );
  
[0m13:32:30.222923 [debug] [Thread-2 (]: Opening a new connection, currently in state init
[0m13:32:30.222438 [debug] [Thread-4 (]: Using postgres connection "model.dw_bootcamp.int_fct_flight_delays"
[0m13:32:30.223647 [debug] [Thread-4 (]: On model.dw_bootcamp.int_fct_flight_delays: /* {"app": "dbt", "dbt_version": "1.12.0", "profile_name": "dw_bootcamp", "target_name": "dev", "node_id": "model.dw_bootcamp.int_fct_flight_delays"} */

  
    

  create  table "dbt_db"."public"."int_fct_flight_delays__dbt_tmp"
  
  
    as
  
  (
    with stg as (
    select * from "dbt_db"."public"."stg_airline_delay_cause"
),

fct as (
    select
        -- chaves do DW
        stg.year_month_key                       as month_id,
        stg.carrier                              as carrier_id,
        stg.airport                              as airport_id,

        -- métricas
        stg.arr_flights,
        stg.arr_del15,
        stg.arr_cancelled,
        stg.arr_diverted,

        -- atrasos (minutos)
        stg.arr_delay,
        stg.carrier_delay,
        stg.weather_delay,
        stg.nas_delay,
        stg.security_delay,
        stg.late_aircraft_delay,

        -- contagens por causa (ocorrências)
        stg.carrier_ct,
        stg.weather_ct,
        stg.nas_ct,
        stg.security_ct,
        stg.late_aircraft_ct

    from stg
)

select * from fct
  );
  
[0m13:32:30.224900 [debug] [Thread-4 (]: Opening a new connection, currently in state init
[0m13:32:30.224168 [debug] [Thread-1 (]: Using postgres connection "model.dw_bootcamp.int_dim_airport"
[0m13:32:30.225447 [debug] [Thread-1 (]: On model.dw_bootcamp.int_dim_airport: /* {"app": "dbt", "dbt_version": "1.12.0", "profile_name": "dw_bootcamp", "target_name": "dev", "node_id": "model.dw_bootcamp.int_dim_airport"} */

  
    

  create  table "dbt_db"."public"."int_dim_airport__dbt_tmp"
  
  
    as
  
  (
    with base as (
    select
        airport,
        airport_name
    from "dbt_db"."public"."stg_airline_delay_cause"
)

select
    airport                              as airport_id,
    max(airport_name)                    as airport_name
from base
group by airport
  );
  
[0m13:32:30.225804 [debug] [Thread-1 (]: Opening a new connection, currently in state init
[0m13:32:30.224578 [debug] [Thread-3 (]: Using postgres connection "model.dw_bootcamp.int_dim_month"
[0m13:32:30.226371 [debug] [Thread-3 (]: On model.dw_bootcamp.int_dim_month: /* {"app": "dbt", "dbt_version": "1.12.0", "profile_name": "dw_bootcamp", "target_name": "dev", "node_id": "model.dw_bootcamp.int_dim_month"} */

  
    

  create  table "dbt_db"."public"."int_dim_month__dbt_tmp"
  
  
    as
  
  (
    with base as (
    select distinct
        year,
        month,
        year_month_key
    from "dbt_db"."public"."stg_airline_delay_cause"
)

select
    year_month_key                     as month_id,
    year,
    month
from base
  );
  
[0m13:32:30.227048 [debug] [Thread-3 (]: Opening a new connection, currently in state init
[0m13:32:30.482150 [debug] [Thread-2 (]: SQL status: SELECT 30 in 0.259 seconds
[0m13:32:30.492796 [debug] [Thread-2 (]: Using postgres connection "model.dw_bootcamp.int_dim_carrier"
[0m13:32:30.482793 [debug] [Thread-3 (]: SQL status: SELECT 228 in 0.256 seconds
[0m13:32:30.498617 [debug] [Thread-3 (]: Using postgres connection "model.dw_bootcamp.int_dim_month"
[0m13:32:30.494173 [debug] [Thread-2 (]: On model.dw_bootcamp.int_dim_carrier: /* {"app": "dbt", "dbt_version": "1.12.0", "profile_name": "dw_bootcamp", "target_name": "dev", "node_id": "model.dw_bootcamp.int_dim_carrier"} */
alter table "dbt_db"."public"."int_dim_carrier__dbt_tmp" rename to "int_dim_carrier"
[0m13:32:30.493385 [debug] [Thread-1 (]: SQL status: SELECT 421 in 0.267 seconds
[0m13:32:30.504485 [debug] [Thread-1 (]: Using postgres connection "model.dw_bootcamp.int_dim_airport"
[0m13:32:30.505409 [debug] [Thread-1 (]: On model.dw_bootcamp.int_dim_airport: /* {"app": "dbt", "dbt_version": "1.12.0", "profile_name": "dw_bootcamp", "target_name": "dev", "node_id": "model.dw_bootcamp.int_dim_airport"} */
alter table "dbt_db"."public"."int_dim_airport__dbt_tmp" rename to "int_dim_airport"
[0m13:32:30.499154 [debug] [Thread-3 (]: On model.dw_bootcamp.int_dim_month: /* {"app": "dbt", "dbt_version": "1.12.0", "profile_name": "dw_bootcamp", "target_name": "dev", "node_id": "model.dw_bootcamp.int_dim_month"} */
alter table "dbt_db"."public"."int_dim_month__dbt_tmp" rename to "int_dim_month"
[0m13:32:30.504995 [debug] [Thread-2 (]: SQL status: ALTER TABLE in 0.005 seconds
[0m13:32:30.524002 [debug] [Thread-3 (]: SQL status: ALTER TABLE in 0.018 seconds
[0m13:32:30.530531 [debug] [Thread-3 (]: On model.dw_bootcamp.int_dim_month: COMMIT
[0m13:32:30.528940 [debug] [Thread-1 (]: SQL status: ALTER TABLE in 0.023 seconds
[0m13:32:30.528450 [debug] [Thread-2 (]: On model.dw_bootcamp.int_dim_carrier: COMMIT
[0m13:32:30.530991 [debug] [Thread-3 (]: Using postgres connection "model.dw_bootcamp.int_dim_month"
[0m13:32:30.533350 [debug] [Thread-3 (]: On model.dw_bootcamp.int_dim_month: COMMIT
[0m13:32:30.532930 [debug] [Thread-2 (]: Using postgres connection "model.dw_bootcamp.int_dim_carrier"
[0m13:32:30.533831 [debug] [Thread-2 (]: On model.dw_bootcamp.int_dim_carrier: COMMIT
[0m13:32:30.532505 [debug] [Thread-1 (]: On model.dw_bootcamp.int_dim_airport: COMMIT
[0m13:32:30.534315 [debug] [Thread-1 (]: Using postgres connection "model.dw_bootcamp.int_dim_airport"
[0m13:32:30.534706 [debug] [Thread-1 (]: On model.dw_bootcamp.int_dim_airport: COMMIT
[0m13:32:30.545020 [debug] [Thread-3 (]: SQL status: COMMIT in 0.011 seconds
[0m13:32:30.555448 [debug] [Thread-1 (]: SQL status: COMMIT in 0.020 seconds
[0m13:32:30.556349 [debug] [Thread-2 (]: SQL status: COMMIT in 0.022 seconds
[0m13:32:30.559246 [debug] [Thread-3 (]: Applying DROP to: "dbt_db"."public"."int_dim_month__dbt_backup"
[0m13:32:30.571755 [debug] [Thread-1 (]: Applying DROP to: "dbt_db"."public"."int_dim_airport__dbt_backup"
[0m13:32:30.579650 [debug] [Thread-2 (]: Applying DROP to: "dbt_db"."public"."int_dim_carrier__dbt_backup"
[0m13:32:30.585641 [debug] [Thread-3 (]: Using postgres connection "model.dw_bootcamp.int_dim_month"
[0m13:32:30.586770 [debug] [Thread-1 (]: Using postgres connection "model.dw_bootcamp.int_dim_airport"
[0m13:32:30.589198 [debug] [Thread-1 (]: On model.dw_bootcamp.int_dim_airport: /* {"app": "dbt", "dbt_version": "1.12.0", "profile_name": "dw_bootcamp", "target_name": "dev", "node_id": "model.dw_bootcamp.int_dim_airport"} */
drop table if exists "dbt_db"."public"."int_dim_airport__dbt_backup" cascade
[0m13:32:30.588725 [debug] [Thread-3 (]: On model.dw_bootcamp.int_dim_month: /* {"app": "dbt", "dbt_version": "1.12.0", "profile_name": "dw_bootcamp", "target_name": "dev", "node_id": "model.dw_bootcamp.int_dim_month"} */
drop table if exists "dbt_db"."public"."int_dim_month__dbt_backup" cascade
[0m13:32:30.587972 [debug] [Thread-2 (]: Using postgres connection "model.dw_bootcamp.int_dim_carrier"
[0m13:32:30.589861 [debug] [Thread-2 (]: On model.dw_bootcamp.int_dim_carrier: /* {"app": "dbt", "dbt_version": "1.12.0", "profile_name": "dw_bootcamp", "target_name": "dev", "node_id": "model.dw_bootcamp.int_dim_carrier"} */
drop table if exists "dbt_db"."public"."int_dim_carrier__dbt_backup" cascade
[0m13:32:30.591586 [debug] [Thread-3 (]: SQL status: DROP TABLE in 0.002 seconds
[0m13:32:30.598956 [debug] [Thread-3 (]: On model.dw_bootcamp.int_dim_month: Close
[0m13:32:30.592731 [debug] [Thread-2 (]: SQL status: DROP TABLE in 0.002 seconds
[0m13:32:30.592238 [debug] [Thread-1 (]: SQL status: DROP TABLE in 0.003 seconds
[0m13:32:30.606827 [debug] [Thread-2 (]: On model.dw_bootcamp.int_dim_carrier: Close
[0m13:32:30.612071 [debug] [Thread-1 (]: On model.dw_bootcamp.int_dim_airport: Close
[0m13:32:30.616988 [debug] [Thread-3 (]: Sending event: {'category': 'dbt', 'action': 'run_model', 'label': 'b87aca52-edda-4570-bee6-7b5870ad8a61', 'context': [<snowplow_tracker.self_describing_json.SelfDescribingJson object at 0x0000022EF8B2E990>]}
[0m13:32:30.617670 [debug] [Thread-1 (]: Sending event: {'category': 'dbt', 'action': 'run_model', 'label': 'b87aca52-edda-4570-bee6-7b5870ad8a61', 'context': [<snowplow_tracker.self_describing_json.SelfDescribingJson object at 0x0000022EF93BC260>]}
[0m13:32:30.618118 [debug] [Thread-2 (]: Sending event: {'category': 'dbt', 'action': 'run_model', 'label': 'b87aca52-edda-4570-bee6-7b5870ad8a61', 'context': [<snowplow_tracker.self_describing_json.SelfDescribingJson object at 0x0000022EF5BAA780>]}
[0m13:32:30.618952 [info ] [Thread-3 (]: 3 of 4 OK created sql table model public.int_dim_month ......................... [[32mSELECT 228[0m in 0.49s]
[0m13:32:30.621487 [debug] [Thread-3 (]: Finished running node model.dw_bootcamp.int_dim_month
[0m13:32:30.620699 [info ] [Thread-2 (]: 2 of 4 OK created sql table model public.int_dim_carrier ....................... [[32mSELECT 30[0m in 0.50s]
[0m13:32:30.623007 [debug] [Thread-2 (]: Finished running node model.dw_bootcamp.int_dim_carrier
[0m13:32:30.619755 [info ] [Thread-1 (]: 1 of 4 OK created sql table model public.int_dim_airport ....................... [[32mSELECT 421[0m in 0.51s]
[0m13:32:30.625198 [debug] [Thread-1 (]: Finished running node model.dw_bootcamp.int_dim_airport
[0m13:32:32.240718 [debug] [Thread-4 (]: SQL status: SELECT 318017 in 2.016 seconds
[0m13:32:32.243408 [debug] [Thread-4 (]: Using postgres connection "model.dw_bootcamp.int_fct_flight_delays"
[0m13:32:32.244386 [debug] [Thread-4 (]: On model.dw_bootcamp.int_fct_flight_delays: /* {"app": "dbt", "dbt_version": "1.12.0", "profile_name": "dw_bootcamp", "target_name": "dev", "node_id": "model.dw_bootcamp.int_fct_flight_delays"} */
alter table "dbt_db"."public"."int_fct_flight_delays__dbt_tmp" rename to "int_fct_flight_delays"
[0m13:32:32.248558 [debug] [Thread-4 (]: SQL status: ALTER TABLE in 0.002 seconds
[0m13:32:32.250827 [debug] [Thread-4 (]: On model.dw_bootcamp.int_fct_flight_delays: COMMIT
[0m13:32:32.251295 [debug] [Thread-4 (]: Using postgres connection "model.dw_bootcamp.int_fct_flight_delays"
[0m13:32:32.251703 [debug] [Thread-4 (]: On model.dw_bootcamp.int_fct_flight_delays: COMMIT
[0m13:32:32.262338 [debug] [Thread-4 (]: SQL status: COMMIT in 0.010 seconds
[0m13:32:32.264443 [debug] [Thread-4 (]: Applying DROP to: "dbt_db"."public"."int_fct_flight_delays__dbt_backup"
[0m13:32:32.265269 [debug] [Thread-4 (]: Using postgres connection "model.dw_bootcamp.int_fct_flight_delays"
[0m13:32:32.265642 [debug] [Thread-4 (]: On model.dw_bootcamp.int_fct_flight_delays: /* {"app": "dbt", "dbt_version": "1.12.0", "profile_name": "dw_bootcamp", "target_name": "dev", "node_id": "model.dw_bootcamp.int_fct_flight_delays"} */
drop table if exists "dbt_db"."public"."int_fct_flight_delays__dbt_backup" cascade
[0m13:32:32.266798 [debug] [Thread-4 (]: SQL status: DROP TABLE in 0.001 seconds
[0m13:32:32.268163 [debug] [Thread-4 (]: On model.dw_bootcamp.int_fct_flight_delays: Close
[0m13:32:32.268952 [debug] [Thread-4 (]: Sending event: {'category': 'dbt', 'action': 'run_model', 'label': 'b87aca52-edda-4570-bee6-7b5870ad8a61', 'context': [<snowplow_tracker.self_describing_json.SelfDescribingJson object at 0x0000022EF93725D0>]}
[0m13:32:32.269584 [info ] [Thread-4 (]: 4 of 4 OK created sql table model public.int_fct_flight_delays ................. [[32mSELECT 318017[0m in 2.16s]
[0m13:32:32.270321 [debug] [Thread-4 (]: Finished running node model.dw_bootcamp.int_fct_flight_delays
[0m13:32:32.272043 [debug] [MainThread]: On master: COMMIT
[0m13:32:32.272447 [debug] [MainThread]: Using postgres connection "master"
[0m13:32:32.272758 [debug] [MainThread]: On master: COMMIT
[0m13:32:32.273047 [debug] [MainThread]: Opening a new connection, currently in state closed
[0m13:32:32.304786 [debug] [MainThread]: SQL status: COMMIT in 0.032 seconds
[0m13:32:32.305232 [debug] [MainThread]: On master: Close
[0m13:32:32.305819 [debug] [MainThread]: Connection 'master' was properly closed.
[0m13:32:32.306145 [debug] [MainThread]: Connection 'list_dbt_db' was properly closed.
[0m13:32:32.306472 [debug] [MainThread]: Connection 'list_dbt_db_public' was properly closed.
[0m13:32:32.306847 [debug] [MainThread]: Connection 'model.dw_bootcamp.int_dim_airport' was properly closed.
[0m13:32:32.307121 [debug] [MainThread]: Connection 'model.dw_bootcamp.int_fct_flight_delays' was properly closed.
[0m13:32:32.307395 [debug] [MainThread]: Connection 'model.dw_bootcamp.int_dim_month' was properly closed.
[0m13:32:32.307654 [debug] [MainThread]: Connection 'model.dw_bootcamp.int_dim_carrier' was properly closed.
[0m13:32:32.308053 [info ] [MainThread]: 
[0m13:32:32.308470 [info ] [MainThread]: Finished running 4 table models in 0 hours 0 minutes and 7.11 seconds (7.11s).
[0m13:32:32.309712 [debug] [MainThread]: Command end result
[0m13:32:32.406085 [debug] [MainThread]: Wrote artifact WritableManifest to C:\Users\Ian\OneDrive\Área de Trabalho\DW_PROJECT\2_data_warehouse\dw_bootcamp\target\manifest.json
[0m13:32:32.409959 [debug] [MainThread]: Wrote artifact SemanticManifest to C:\Users\Ian\OneDrive\Área de Trabalho\DW_PROJECT\2_data_warehouse\dw_bootcamp\target\semantic_manifest.json
[0m13:32:32.419023 [debug] [MainThread]: Wrote artifact OsiDocument to C:\Users\Ian\OneDrive\Área de Trabalho\DW_PROJECT\2_data_warehouse\dw_bootcamp\target\osi_document.json
[0m13:32:32.430626 [debug] [MainThread]: Wrote artifact RunExecutionResult to C:\Users\Ian\OneDrive\Área de Trabalho\DW_PROJECT\2_data_warehouse\dw_bootcamp\target\run_results.json
[0m13:32:32.432678 [info ] [MainThread]: 
[0m13:32:32.434069 [info ] [MainThread]: [32mCompleted successfully[0m
[0m13:32:32.434584 [info ] [MainThread]: 
[0m13:32:32.435051 [info ] [MainThread]: Done. PASS=4 WARN=0 ERROR=0 SKIP=0 NO-OP=0 REUSED=0 TOTAL=4
[0m13:32:32.436363 [debug] [MainThread]: Command `dbt run` succeeded at 13:32:32.436172 after 12.41 seconds
[0m13:32:32.436923 [debug] [MainThread]: Sending event: {'category': 'dbt', 'action': 'invocation', 'label': 'end', 'context': [<snowplow_tracker.self_describing_json.SelfDescribingJson object at 0x0000022EF80322E0>, <snowplow_tracker.self_describing_json.SelfDescribingJson object at 0x0000022EF7DD9390>, <snowplow_tracker.self_describing_json.SelfDescribingJson object at 0x0000022EF8007DD0>]}
[0m13:32:32.437410 [debug] [MainThread]: Flushing usage events
[0m13:32:33.154615 [debug] [MainThread]: An error was encountered while trying to flush usage events
[0m13:33:14.430994 [debug] [MainThread]: Sending event: {'category': 'dbt', 'action': 'invocation', 'label': 'start', 'context': [<snowplow_tracker.self_describing_json.SelfDescribingJson object at 0x00000151251A8D70>, <snowplow_tracker.self_describing_json.SelfDescribingJson object at 0x0000015122A1D1D0>, <snowplow_tracker.self_describing_json.SelfDescribingJson object at 0x0000015127A939D0>]}


============================== 13:33:14.437859 | 36fe0210-c312-4043-86da-291ee9cfe4f9 ==============================
[0m13:33:14.437859 [info ] [MainThread]: Running with dbt=1.12.0
[0m13:33:14.439080 [debug] [MainThread]: running dbt with arguments {'version_check': 'True', 'no_print': 'None', 'maximum_seed_size_mib': '1', 'warn_error_options': 'WarnErrorOptionsV2(error=[], warn=[], silence=[])', 'static_parser': 'True', 'target_path': 'None', 'printer_width': '80', 'write_json': 'True', 'empty': 'False', 'log_cache_events': 'False', 'introspect': 'True', 'cache_selected_only': 'False', 'fail_fast': 'False', 'debug': 'False', 'log_format': 'default', 'partial_parse': 'True', 'send_anonymous_usage_stats': 'True', 'quiet': 'False', 'warn_error': 'None', 'profiles_dir': 'C:\\Users\\Ian\\OneDrive\\Área de Trabalho\\DW_PROJECT\\2_data_warehouse\\dw_bootcamp', 'indirect_selection': 'eager', 'hints_enabled': 'True', 'use_colors': 'True', 'use_experimental_parser': 'False', 'invocation_command': 'dbt run --select mart', 'log_path': 'C:\\Users\\Ian\\OneDrive\\Área de Trabalho\\DW_PROJECT\\2_data_warehouse\\dw_bootcamp\\logs'}
[0m13:33:14.721418 [debug] [MainThread]: Sending event: {'category': 'dbt', 'action': 'project_id', 'label': '36fe0210-c312-4043-86da-291ee9cfe4f9', 'context': [<snowplow_tracker.self_describing_json.SelfDescribingJson object at 0x0000015127A0AFD0>]}
[0m13:33:14.809393 [debug] [MainThread]: Sending event: {'category': 'dbt', 'action': 'adapter_info', 'label': '36fe0210-c312-4043-86da-291ee9cfe4f9', 'context': [<snowplow_tracker.self_describing_json.SelfDescribingJson object at 0x000001512787DAE0>]}
[0m13:33:14.811185 [info ] [MainThread]: Registered adapter: postgres=1.11.0
[0m13:33:15.250511 [debug] [MainThread]: checksum: 405a9d657d6f6c8dad658f9546ce79d95769a20c4dd31677d4c9579477a65c57, vars: {}, profile: dw_bootcamp, target: dev, version: 1.12.0
[0m13:33:15.508279 [debug] [MainThread]: Partial parsing enabled: 0 files deleted, 0 files added, 0 files changed.
[0m13:33:15.509510 [debug] [MainThread]: Nothing changed, skipping partial parsing.
[0m13:33:15.510114 [debug] [MainThread]: Partial parsing enabled, no changes found, skipping parsing
[0m13:33:15.521307 [debug] [MainThread]: Sending event: {'category': 'dbt', 'action': 'load_project', 'label': '36fe0210-c312-4043-86da-291ee9cfe4f9', 'context': [<snowplow_tracker.self_describing_json.SelfDescribingJson object at 0x0000015127B7E250>]}
[0m13:33:15.686396 [debug] [MainThread]: Wrote artifact WritableManifest to C:\Users\Ian\OneDrive\Área de Trabalho\DW_PROJECT\2_data_warehouse\dw_bootcamp\target\manifest.json
[0m13:33:15.692359 [debug] [MainThread]: Wrote artifact SemanticManifest to C:\Users\Ian\OneDrive\Área de Trabalho\DW_PROJECT\2_data_warehouse\dw_bootcamp\target\semantic_manifest.json
[0m13:33:15.737715 [debug] [MainThread]: Wrote artifact OsiDocument to C:\Users\Ian\OneDrive\Área de Trabalho\DW_PROJECT\2_data_warehouse\dw_bootcamp\target\osi_document.json
[0m13:33:15.761267 [debug] [MainThread]: Sending event: {'category': 'dbt', 'action': 'resource_counts', 'label': '36fe0210-c312-4043-86da-291ee9cfe4f9', 'context': [<snowplow_tracker.self_describing_json.SelfDescribingJson object at 0x00000151286FF110>]}
[0m13:33:15.762043 [info ] [MainThread]: Found 1 seed, 10 models, 901 macros
[0m13:33:15.762601 [debug] [MainThread]: Sending event: {'category': 'dbt', 'action': 'runnable_timing', 'label': '36fe0210-c312-4043-86da-291ee9cfe4f9', 'context': [<snowplow_tracker.self_describing_json.SelfDescribingJson object at 0x000001512873B150>]}
[0m13:33:15.764769 [info ] [MainThread]: 
[0m13:33:15.765259 [info ] [MainThread]: Concurrency: 4 threads (target='dev')
[0m13:33:15.765675 [info ] [MainThread]: 
[0m13:33:15.766228 [debug] [MainThread]: Acquiring new postgres connection 'master'
[0m13:33:15.770278 [debug] [ThreadPool]: Acquiring new postgres connection 'list_dbt_db'
[0m13:33:15.879442 [debug] [ThreadPool]: Using postgres connection "list_dbt_db"
[0m13:33:15.880041 [debug] [ThreadPool]: On list_dbt_db: /* {"app": "dbt", "dbt_version": "1.12.0", "profile_name": "dw_bootcamp", "target_name": "dev", "connection_name": "list_dbt_db"} */

    select distinct nspname from pg_namespace
  
[0m13:33:15.880368 [debug] [ThreadPool]: Opening a new connection, currently in state init
[0m13:33:15.913926 [debug] [ThreadPool]: SQL status: SELECT 4 in 0.033 seconds
[0m13:33:15.915322 [debug] [ThreadPool]: On list_dbt_db: Close
[0m13:33:15.917823 [debug] [ThreadPool]: Acquiring new postgres connection 'list_dbt_db_public'
[0m13:33:15.923031 [debug] [ThreadPool]: Using postgres connection "list_dbt_db_public"
[0m13:33:15.923419 [debug] [ThreadPool]: On list_dbt_db_public: /* {"app": "dbt", "dbt_version": "1.12.0", "profile_name": "dw_bootcamp", "target_name": "dev", "connection_name": "list_dbt_db_public"} */
select
      'dbt_db' as database,
      tablename as name,
      schemaname as schema,
      'table' as type
    from pg_tables
    where schemaname ilike 'public'
    union all
    select
      'dbt_db' as database,
      viewname as name,
      schemaname as schema,
      'view' as type
    from pg_views
    where schemaname ilike 'public'
    union all
    select
      'dbt_db' as database,
      matviewname as name,
      schemaname as schema,
      'materialized_view' as type
    from pg_matviews
    where schemaname ilike 'public'
    union all
    select distinct
     'dbt_db' as database,
     proname as name,
     ns.nspname as schema,
     'function' as type
    from pg_proc
     join pg_namespace as ns on pronamespace = ns.oid
    where ns.nspname ilike 'public'
  
[0m13:33:15.923756 [debug] [ThreadPool]: Opening a new connection, currently in state init
[0m13:33:15.969029 [debug] [ThreadPool]: SQL status: SELECT 6 in 0.045 seconds
[0m13:33:15.970261 [debug] [ThreadPool]: On list_dbt_db_public: ROLLBACK
[0m13:33:15.971043 [debug] [ThreadPool]: On list_dbt_db_public: Close
[0m13:33:15.976090 [debug] [MainThread]: Using postgres connection "master"
[0m13:33:15.976735 [debug] [MainThread]: On master: /* {"app": "dbt", "dbt_version": "1.12.0", "profile_name": "dw_bootcamp", "target_name": "dev", "connection_name": "master"} */
select distinct
        dependent_namespace.nspname as dependent_schema,
        dependent_class.relname as dependent_name,
        referenced_namespace.nspname as referenced_schema,
        referenced_class.relname as referenced_name

    -- Query for views: views are entries in pg_class with an entry in pg_rewrite, but we avoid
    -- a seq scan on pg_rewrite by leveraging the fact there is an "internal" row in pg_depend for
    -- the view...
    from pg_class as dependent_class
    join pg_namespace as dependent_namespace on dependent_namespace.oid = dependent_class.relnamespace
    join pg_depend as dependent_depend on dependent_depend.refobjid = dependent_class.oid
        and dependent_depend.classid = 'pg_rewrite'::regclass
        and dependent_depend.refclassid = 'pg_class'::regclass
        and dependent_depend.deptype = 'i'

    -- ... and via pg_depend (that has a row per column, hence the need for "distinct" above, and
    -- making sure to exclude the internal row to avoid a view appearing to depend on itself)...
    join pg_depend as joining_depend on joining_depend.objid = dependent_depend.objid
        and joining_depend.classid = 'pg_rewrite'::regclass
        and joining_depend.refclassid = 'pg_class'::regclass
        and joining_depend.refobjid != dependent_depend.refobjid

    -- ... we can find the tables they query from in pg_class, but excluding system tables. Note we
    -- don't need need to exclude _dependent_ system tables, because they only query from other
    -- system tables, and so are automatically excluded by excluding _referenced_ system tables
    join pg_class as referenced_class on referenced_class.oid = joining_depend.refobjid
    join pg_namespace as referenced_namespace on referenced_namespace.oid = referenced_class.relnamespace
        and referenced_namespace.nspname != 'information_schema'
        and referenced_namespace.nspname not like 'pg\_%'

    order by
        dependent_schema, dependent_name, referenced_schema, referenced_name;
[0m13:33:15.978113 [debug] [MainThread]: Opening a new connection, currently in state init
[0m13:33:15.998923 [debug] [MainThread]: SQL status: SELECT 1 in 0.021 seconds
[0m13:33:16.000245 [debug] [MainThread]: Sending event: {'category': 'dbt', 'action': 'runnable_timing', 'label': '36fe0210-c312-4043-86da-291ee9cfe4f9', 'context': [<snowplow_tracker.self_describing_json.SelfDescribingJson object at 0x0000015128A72DD0>]}
[0m13:33:16.000644 [debug] [MainThread]: On master: ROLLBACK
[0m13:33:16.001464 [debug] [MainThread]: On master: COMMIT
[0m13:33:16.001806 [debug] [MainThread]: Using postgres connection "master"
[0m13:33:16.002087 [debug] [MainThread]: On master: COMMIT
[0m13:33:16.003152 [debug] [MainThread]: SQL status: COMMIT in 0.001 seconds
[0m13:33:16.003456 [debug] [MainThread]: On master: Close
[0m13:33:16.008963 [debug] [Thread-1 (]: Began running node model.dw_bootcamp.mart_airport_performance
[0m13:33:16.009445 [debug] [Thread-4 (]: Began running node model.dw_bootcamp.mart_delay_causes_share_month
[0m13:33:16.009986 [debug] [Thread-3 (]: Began running node model.dw_bootcamp.mart_delay_causes_long
[0m13:33:16.010406 [debug] [Thread-2 (]: Began running node model.dw_bootcamp.mart_carrier_performance
[0m13:33:16.011776 [info ] [Thread-1 (]: 1 of 5 START sql table model public.mart_airport_performance ................... [RUN]
[0m13:33:16.014500 [debug] [Thread-1 (]: Acquiring new postgres connection 'model.dw_bootcamp.mart_airport_performance'
[0m13:33:16.014991 [debug] [Thread-1 (]: Began compiling node model.dw_bootcamp.mart_airport_performance
[0m13:33:16.023747 [debug] [Thread-1 (]: Writing injected SQL for node "model.dw_bootcamp.mart_airport_performance"
[0m13:33:16.012479 [info ] [Thread-4 (]: 4 of 5 START sql table model public.mart_delay_causes_share_month .............. [RUN]
[0m13:33:16.013810 [info ] [Thread-2 (]: 2 of 5 START sql table model public.mart_carrier_performance ................... [RUN]
[0m13:33:16.026643 [debug] [Thread-2 (]: Acquiring new postgres connection 'model.dw_bootcamp.mart_carrier_performance'
[0m13:33:16.013187 [info ] [Thread-3 (]: 3 of 5 START sql table model public.mart_delay_causes_long ..................... [RUN]
[0m13:33:16.029706 [debug] [Thread-3 (]: Acquiring new postgres connection 'model.dw_bootcamp.mart_delay_causes_long'
[0m13:33:16.025122 [debug] [Thread-4 (]: Acquiring new postgres connection 'model.dw_bootcamp.mart_delay_causes_share_month'
[0m13:33:16.031837 [debug] [Thread-4 (]: Began compiling node model.dw_bootcamp.mart_delay_causes_share_month
[0m13:33:16.027965 [debug] [Thread-2 (]: Began compiling node model.dw_bootcamp.mart_carrier_performance
[0m13:33:16.031318 [debug] [Thread-3 (]: Began compiling node model.dw_bootcamp.mart_delay_causes_long
[0m13:33:16.030727 [debug] [Thread-1 (]: Began executing node model.dw_bootcamp.mart_airport_performance
[0m13:33:16.036120 [debug] [Thread-4 (]: Writing injected SQL for node "model.dw_bootcamp.mart_delay_causes_share_month"
[0m13:33:16.042349 [debug] [Thread-2 (]: Writing injected SQL for node "model.dw_bootcamp.mart_carrier_performance"
[0m13:33:16.048477 [debug] [Thread-3 (]: Writing injected SQL for node "model.dw_bootcamp.mart_delay_causes_long"
[0m13:33:16.091852 [debug] [Thread-1 (]: Writing runtime sql for node "model.dw_bootcamp.mart_airport_performance"
[0m13:33:16.094955 [debug] [Thread-4 (]: Began executing node model.dw_bootcamp.mart_delay_causes_share_month
[0m13:33:16.100498 [debug] [Thread-4 (]: Writing runtime sql for node "model.dw_bootcamp.mart_delay_causes_share_month"
[0m13:33:16.101393 [debug] [Thread-2 (]: Began executing node model.dw_bootcamp.mart_carrier_performance
[0m13:33:16.104742 [debug] [Thread-2 (]: Writing runtime sql for node "model.dw_bootcamp.mart_carrier_performance"
[0m13:33:16.101913 [debug] [Thread-3 (]: Began executing node model.dw_bootcamp.mart_delay_causes_long
[0m13:33:16.108183 [debug] [Thread-3 (]: Writing runtime sql for node "model.dw_bootcamp.mart_delay_causes_long"
[0m13:33:16.108806 [debug] [Thread-1 (]: Using postgres connection "model.dw_bootcamp.mart_airport_performance"
[0m13:33:16.109254 [debug] [Thread-1 (]: On model.dw_bootcamp.mart_airport_performance: /* {"app": "dbt", "dbt_version": "1.12.0", "profile_name": "dw_bootcamp", "target_name": "dev", "node_id": "model.dw_bootcamp.mart_airport_performance"} */

  
    

  create  table "dbt_db"."public"."mart_airport_performance__dbt_tmp"
  
  
    as
  
  (
    with fct as (
    select * from "dbt_db"."public"."int_fct_flight_delays"
),
dim_airport as (
    select * from "dbt_db"."public"."int_dim_airport"
)

select
    a.airport_id,
    a.airport_name,

    sum(f.arr_flights) as flights,
    sum(f.arr_del15)   as delayed_15m,

    case when sum(f.arr_flights) = 0 then 0
         else 1.0 * sum(f.arr_del15) / sum(f.arr_flights)
    end                as pct_delayed_15m,

    sum(f.arr_cancelled) as cancelled,
    sum(f.arr_delay)     as total_delay_minutes

from fct f
join dim_airport a
  on f.airport_id = a.airport_id
group by 1,2
  );
  
[0m13:33:16.109782 [debug] [Thread-1 (]: Opening a new connection, currently in state init
[0m13:33:16.110588 [debug] [Thread-4 (]: Using postgres connection "model.dw_bootcamp.mart_delay_causes_share_month"
[0m13:33:16.111276 [debug] [Thread-4 (]: On model.dw_bootcamp.mart_delay_causes_share_month: /* {"app": "dbt", "dbt_version": "1.12.0", "profile_name": "dw_bootcamp", "target_name": "dev", "node_id": "model.dw_bootcamp.mart_delay_causes_share_month"} */

  
    

  create  table "dbt_db"."public"."mart_delay_causes_share_month__dbt_tmp"
  
  
    as
  
  (
    with fct as (
    select * from "dbt_db"."public"."int_fct_flight_delays"
),

by_month as (
    select
        month_id,
        sum(arr_delay)             as total_delay,
        sum(carrier_delay)         as carrier_delay,
        sum(weather_delay)         as weather_delay,
        sum(nas_delay)             as nas_delay,
        sum(security_delay)        as security_delay,
        sum(late_aircraft_delay)   as late_aircraft_delay
    from fct
    group by 1
)

select
    month_id,
    total_delay,

    case when total_delay = 0 then 0 else 1.0 * carrier_delay / total_delay end       as pct_carrier,
    case when total_delay = 0 then 0 else 1.0 * weather_delay / total_delay end       as pct_weather,
    case when total_delay = 0 then 0 else 1.0 * nas_delay / total_delay end           as pct_nas,
    case when total_delay = 0 then 0 else 1.0 * security_delay / total_delay end      as pct_security,
    case when total_delay = 0 then 0 else 1.0 * late_aircraft_delay / total_delay end as pct_late_aircraft

from by_month
  );
  
[0m13:33:16.111973 [debug] [Thread-4 (]: Opening a new connection, currently in state init
[0m13:33:16.112754 [debug] [Thread-3 (]: Using postgres connection "model.dw_bootcamp.mart_delay_causes_long"
[0m13:33:16.114447 [debug] [Thread-3 (]: On model.dw_bootcamp.mart_delay_causes_long: /* {"app": "dbt", "dbt_version": "1.12.0", "profile_name": "dw_bootcamp", "target_name": "dev", "node_id": "model.dw_bootcamp.mart_delay_causes_long"} */

  
    

  create  table "dbt_db"."public"."mart_delay_causes_long__dbt_tmp"
  
  
    as
  
  (
    with fct as (
    select * from "dbt_db"."public"."int_fct_flight_delays"
),

unpivoted as (

    select month_id, carrier_id, airport_id, 'carrier' as cause, carrier_delay as delay_minutes from fct
    union all
    select month_id, carrier_id, airport_id, 'weather' as cause, weather_delay as delay_minutes from fct
    union all
    select month_id, carrier_id, airport_id, 'nas' as cause, nas_delay as delay_minutes from fct
    union all
    select month_id, carrier_id, airport_id, 'security' as cause, security_delay as delay_minutes from fct
    union all
    select month_id, carrier_id, airport_id, 'late_aircraft' as cause, late_aircraft_delay as delay_minutes from fct

)

select * from unpivoted
  );
  
[0m13:33:16.113494 [debug] [Thread-2 (]: Using postgres connection "model.dw_bootcamp.mart_carrier_performance"
[0m13:33:16.115555 [debug] [Thread-2 (]: On model.dw_bootcamp.mart_carrier_performance: /* {"app": "dbt", "dbt_version": "1.12.0", "profile_name": "dw_bootcamp", "target_name": "dev", "node_id": "model.dw_bootcamp.mart_carrier_performance"} */

  
    

  create  table "dbt_db"."public"."mart_carrier_performance__dbt_tmp"
  
  
    as
  
  (
    with fct as (
    select * from "dbt_db"."public"."int_fct_flight_delays"
),
dim_carrier as (
    select * from "dbt_db"."public"."int_dim_carrier"
)

select
    c.carrier_id,
    c.carrier_name,

    sum(f.arr_flights) as flights,
    sum(f.arr_del15)   as delayed_15m,

    case when sum(f.arr_flights) = 0 then 0
         else 1.0 * sum(f.arr_del15) / sum(f.arr_flights)
    end                as pct_delayed_15m,

    sum(f.arr_cancelled) as cancelled,
    sum(f.arr_delay)     as total_delay_minutes

from fct f
join dim_carrier c
  on f.carrier_id = c.carrier_id
group by 1,2
  );
  
[0m13:33:16.116027 [debug] [Thread-2 (]: Opening a new connection, currently in state init
[0m13:33:16.115032 [debug] [Thread-3 (]: Opening a new connection, currently in state init
[0m13:33:16.232317 [debug] [Thread-4 (]: SQL status: SELECT 228 in 0.120 seconds
[0m13:33:16.252139 [debug] [Thread-4 (]: Using postgres connection "model.dw_bootcamp.mart_delay_causes_share_month"
[0m13:33:16.252970 [debug] [Thread-4 (]: On model.dw_bootcamp.mart_delay_causes_share_month: /* {"app": "dbt", "dbt_version": "1.12.0", "profile_name": "dw_bootcamp", "target_name": "dev", "node_id": "model.dw_bootcamp.mart_delay_causes_share_month"} */
alter table "dbt_db"."public"."mart_delay_causes_share_month__dbt_tmp" rename to "mart_delay_causes_share_month"
[0m13:33:16.254996 [debug] [Thread-4 (]: SQL status: ALTER TABLE in 0.001 seconds
[0m13:33:16.290845 [debug] [Thread-4 (]: On model.dw_bootcamp.mart_delay_causes_share_month: COMMIT
[0m13:33:16.292466 [debug] [Thread-4 (]: Using postgres connection "model.dw_bootcamp.mart_delay_causes_share_month"
[0m13:33:16.293206 [debug] [Thread-4 (]: On model.dw_bootcamp.mart_delay_causes_share_month: COMMIT
[0m13:33:16.291527 [debug] [Thread-2 (]: SQL status: SELECT 29 in 0.175 seconds
[0m13:33:16.291950 [debug] [Thread-1 (]: SQL status: SELECT 420 in 0.182 seconds
[0m13:33:16.302947 [debug] [Thread-1 (]: Using postgres connection "model.dw_bootcamp.mart_airport_performance"
[0m13:33:16.298313 [debug] [Thread-2 (]: Using postgres connection "model.dw_bootcamp.mart_carrier_performance"
[0m13:33:16.304336 [debug] [Thread-2 (]: On model.dw_bootcamp.mart_carrier_performance: /* {"app": "dbt", "dbt_version": "1.12.0", "profile_name": "dw_bootcamp", "target_name": "dev", "node_id": "model.dw_bootcamp.mart_carrier_performance"} */
alter table "dbt_db"."public"."mart_carrier_performance__dbt_tmp" rename to "mart_carrier_performance"
[0m13:33:16.303673 [debug] [Thread-1 (]: On model.dw_bootcamp.mart_airport_performance: /* {"app": "dbt", "dbt_version": "1.12.0", "profile_name": "dw_bootcamp", "target_name": "dev", "node_id": "model.dw_bootcamp.mart_airport_performance"} */
alter table "dbt_db"."public"."mart_airport_performance__dbt_tmp" rename to "mart_airport_performance"
[0m13:33:16.311377 [debug] [Thread-4 (]: SQL status: COMMIT in 0.017 seconds
[0m13:33:16.323279 [debug] [Thread-4 (]: Applying DROP to: "dbt_db"."public"."mart_delay_causes_share_month__dbt_backup"
[0m13:33:16.313754 [debug] [Thread-2 (]: SQL status: ALTER TABLE in 0.009 seconds
[0m13:33:16.313075 [debug] [Thread-1 (]: SQL status: ALTER TABLE in 0.008 seconds
[0m13:33:16.330016 [debug] [Thread-4 (]: Using postgres connection "model.dw_bootcamp.mart_delay_causes_share_month"
[0m13:33:16.331737 [debug] [Thread-2 (]: On model.dw_bootcamp.mart_carrier_performance: COMMIT
[0m13:33:16.334279 [debug] [Thread-2 (]: Using postgres connection "model.dw_bootcamp.mart_carrier_performance"
[0m13:33:16.334665 [debug] [Thread-2 (]: On model.dw_bootcamp.mart_carrier_performance: COMMIT
[0m13:33:16.333317 [debug] [Thread-1 (]: On model.dw_bootcamp.mart_airport_performance: COMMIT
[0m13:33:16.333829 [debug] [Thread-4 (]: On model.dw_bootcamp.mart_delay_causes_share_month: /* {"app": "dbt", "dbt_version": "1.12.0", "profile_name": "dw_bootcamp", "target_name": "dev", "node_id": "model.dw_bootcamp.mart_delay_causes_share_month"} */
drop table if exists "dbt_db"."public"."mart_delay_causes_share_month__dbt_backup" cascade
[0m13:33:16.335306 [debug] [Thread-1 (]: Using postgres connection "model.dw_bootcamp.mart_airport_performance"
[0m13:33:16.335798 [debug] [Thread-1 (]: On model.dw_bootcamp.mart_airport_performance: COMMIT
[0m13:33:16.336509 [debug] [Thread-4 (]: SQL status: DROP TABLE in 0.001 seconds
[0m13:33:16.339669 [debug] [Thread-4 (]: On model.dw_bootcamp.mart_delay_causes_share_month: Close
[0m13:33:16.345347 [debug] [Thread-4 (]: Sending event: {'category': 'dbt', 'action': 'run_model', 'label': '36fe0210-c312-4043-86da-291ee9cfe4f9', 'context': [<snowplow_tracker.self_describing_json.SelfDescribingJson object at 0x0000015128522990>]}
[0m13:33:16.346565 [debug] [Thread-2 (]: SQL status: COMMIT in 0.011 seconds
[0m13:33:16.348765 [info ] [Thread-4 (]: 4 of 5 OK created sql table model public.mart_delay_causes_share_month ......... [[32mSELECT 228[0m in 0.32s]
[0m13:33:16.349663 [debug] [Thread-1 (]: SQL status: COMMIT in 0.013 seconds
[0m13:33:16.362554 [debug] [Thread-2 (]: Applying DROP to: "dbt_db"."public"."mart_carrier_performance__dbt_backup"
[0m13:33:16.365221 [debug] [Thread-4 (]: Finished running node model.dw_bootcamp.mart_delay_causes_share_month
[0m13:33:16.370132 [debug] [Thread-1 (]: Applying DROP to: "dbt_db"."public"."mart_airport_performance__dbt_backup"
[0m13:33:16.371824 [debug] [Thread-2 (]: Using postgres connection "model.dw_bootcamp.mart_carrier_performance"
[0m13:33:16.372949 [debug] [Thread-4 (]: Began running node model.dw_bootcamp.mart_monthly_kpis
[0m13:33:16.375414 [debug] [Thread-1 (]: Using postgres connection "model.dw_bootcamp.mart_airport_performance"
[0m13:33:16.377356 [debug] [Thread-1 (]: On model.dw_bootcamp.mart_airport_performance: /* {"app": "dbt", "dbt_version": "1.12.0", "profile_name": "dw_bootcamp", "target_name": "dev", "node_id": "model.dw_bootcamp.mart_airport_performance"} */
drop table if exists "dbt_db"."public"."mart_airport_performance__dbt_backup" cascade
[0m13:33:16.376793 [info ] [Thread-4 (]: 5 of 5 START sql table model public.mart_monthly_kpis .......................... [RUN]
[0m13:33:16.375989 [debug] [Thread-2 (]: On model.dw_bootcamp.mart_carrier_performance: /* {"app": "dbt", "dbt_version": "1.12.0", "profile_name": "dw_bootcamp", "target_name": "dev", "node_id": "model.dw_bootcamp.mart_carrier_performance"} */
drop table if exists "dbt_db"."public"."mart_carrier_performance__dbt_backup" cascade
[0m13:33:16.379033 [debug] [Thread-4 (]: Re-using an available connection from the pool (formerly model.dw_bootcamp.mart_delay_causes_share_month, now model.dw_bootcamp.mart_monthly_kpis)
[0m13:33:16.380359 [debug] [Thread-4 (]: Began compiling node model.dw_bootcamp.mart_monthly_kpis
[0m13:33:16.386558 [debug] [Thread-4 (]: Writing injected SQL for node "model.dw_bootcamp.mart_monthly_kpis"
[0m13:33:16.387294 [debug] [Thread-1 (]: SQL status: DROP TABLE in 0.009 seconds
[0m13:33:16.391074 [debug] [Thread-1 (]: On model.dw_bootcamp.mart_airport_performance: Close
[0m13:33:16.388081 [debug] [Thread-2 (]: SQL status: DROP TABLE in 0.008 seconds
[0m13:33:16.392754 [debug] [Thread-2 (]: On model.dw_bootcamp.mart_carrier_performance: Close
[0m13:33:16.393934 [debug] [Thread-1 (]: Sending event: {'category': 'dbt', 'action': 'run_model', 'label': '36fe0210-c312-4043-86da-291ee9cfe4f9', 'context': [<snowplow_tracker.self_describing_json.SelfDescribingJson object at 0x0000015128BBE0A0>]}
[0m13:33:16.398062 [debug] [Thread-2 (]: Sending event: {'category': 'dbt', 'action': 'run_model', 'label': '36fe0210-c312-4043-86da-291ee9cfe4f9', 'context': [<snowplow_tracker.self_describing_json.SelfDescribingJson object at 0x0000015128B577F0>]}
[0m13:33:16.396160 [info ] [Thread-1 (]: 1 of 5 OK created sql table model public.mart_airport_performance .............. [[32mSELECT 420[0m in 0.38s]
[0m13:33:16.401167 [debug] [Thread-4 (]: Began executing node model.dw_bootcamp.mart_monthly_kpis
[0m13:33:16.413094 [debug] [Thread-4 (]: Writing runtime sql for node "model.dw_bootcamp.mart_monthly_kpis"
[0m13:33:16.402567 [info ] [Thread-2 (]: 2 of 5 OK created sql table model public.mart_carrier_performance .............. [[32mSELECT 29[0m in 0.37s]
[0m13:33:16.404407 [debug] [Thread-1 (]: Finished running node model.dw_bootcamp.mart_airport_performance
[0m13:33:16.415548 [debug] [Thread-2 (]: Finished running node model.dw_bootcamp.mart_carrier_performance
[0m13:33:16.417438 [debug] [Thread-4 (]: Using postgres connection "model.dw_bootcamp.mart_monthly_kpis"
[0m13:33:16.418496 [debug] [Thread-4 (]: On model.dw_bootcamp.mart_monthly_kpis: /* {"app": "dbt", "dbt_version": "1.12.0", "profile_name": "dw_bootcamp", "target_name": "dev", "node_id": "model.dw_bootcamp.mart_monthly_kpis"} */

  
    

  create  table "dbt_db"."public"."mart_monthly_kpis__dbt_tmp"
  
  
    as
  
  (
    with fct as (
    select * from "dbt_db"."public"."int_fct_flight_delays"
),

dim_month as (
    select * from "dbt_db"."public"."int_dim_month"
)

select
    m.year,
    m.month,
    m.month_id,

    sum(f.arr_flights)                                 as flights,
    sum(f.arr_del15)                                   as delayed_15m,

    case when sum(f.arr_flights) = 0 then 0
         else 1.0 * sum(f.arr_del15) / sum(f.arr_flights)
    end                                                as pct_delayed_15m,

    sum(f.arr_cancelled)                               as cancelled,
    sum(f.arr_diverted)                                as diverted,

    sum(f.arr_delay)                                   as total_delay_minutes

from fct f
join dim_month m
  on f.month_id = m.month_id
group by 1,2,3
  );
  
[0m13:33:16.419128 [debug] [Thread-4 (]: Opening a new connection, currently in state closed
[0m13:33:16.576689 [debug] [Thread-4 (]: SQL status: SELECT 228 in 0.157 seconds
[0m13:33:16.582309 [debug] [Thread-4 (]: Using postgres connection "model.dw_bootcamp.mart_monthly_kpis"
[0m13:33:16.582966 [debug] [Thread-4 (]: On model.dw_bootcamp.mart_monthly_kpis: /* {"app": "dbt", "dbt_version": "1.12.0", "profile_name": "dw_bootcamp", "target_name": "dev", "node_id": "model.dw_bootcamp.mart_monthly_kpis"} */
alter table "dbt_db"."public"."mart_monthly_kpis__dbt_tmp" rename to "mart_monthly_kpis"
[0m13:33:16.584744 [debug] [Thread-4 (]: SQL status: ALTER TABLE in 0.001 seconds
[0m13:33:16.588447 [debug] [Thread-4 (]: On model.dw_bootcamp.mart_monthly_kpis: COMMIT
[0m13:33:16.588882 [debug] [Thread-4 (]: Using postgres connection "model.dw_bootcamp.mart_monthly_kpis"
[0m13:33:16.589231 [debug] [Thread-4 (]: On model.dw_bootcamp.mart_monthly_kpis: COMMIT
[0m13:33:16.600964 [debug] [Thread-4 (]: SQL status: COMMIT in 0.011 seconds
[0m13:33:16.604056 [debug] [Thread-4 (]: Applying DROP to: "dbt_db"."public"."mart_monthly_kpis__dbt_backup"
[0m13:33:16.605806 [debug] [Thread-4 (]: Using postgres connection "model.dw_bootcamp.mart_monthly_kpis"
[0m13:33:16.606588 [debug] [Thread-4 (]: On model.dw_bootcamp.mart_monthly_kpis: /* {"app": "dbt", "dbt_version": "1.12.0", "profile_name": "dw_bootcamp", "target_name": "dev", "node_id": "model.dw_bootcamp.mart_monthly_kpis"} */
drop table if exists "dbt_db"."public"."mart_monthly_kpis__dbt_backup" cascade
[0m13:33:16.609042 [debug] [Thread-4 (]: SQL status: DROP TABLE in 0.002 seconds
[0m13:33:16.611851 [debug] [Thread-4 (]: On model.dw_bootcamp.mart_monthly_kpis: Close
[0m13:33:16.613411 [debug] [Thread-4 (]: Sending event: {'category': 'dbt', 'action': 'run_model', 'label': '36fe0210-c312-4043-86da-291ee9cfe4f9', 'context': [<snowplow_tracker.self_describing_json.SelfDescribingJson object at 0x0000015128677650>]}
[0m13:33:16.614694 [info ] [Thread-4 (]: 5 of 5 OK created sql table model public.mart_monthly_kpis ..................... [[32mSELECT 228[0m in 0.23s]
[0m13:33:16.615634 [debug] [Thread-4 (]: Finished running node model.dw_bootcamp.mart_monthly_kpis
[0m13:33:18.529546 [debug] [Thread-3 (]: SQL status: SELECT 1590085 in 2.414 seconds
[0m13:33:18.532831 [debug] [Thread-3 (]: Using postgres connection "model.dw_bootcamp.mart_delay_causes_long"
[0m13:33:18.533381 [debug] [Thread-3 (]: On model.dw_bootcamp.mart_delay_causes_long: /* {"app": "dbt", "dbt_version": "1.12.0", "profile_name": "dw_bootcamp", "target_name": "dev", "node_id": "model.dw_bootcamp.mart_delay_causes_long"} */
alter table "dbt_db"."public"."mart_delay_causes_long__dbt_tmp" rename to "mart_delay_causes_long"
[0m13:33:18.535067 [debug] [Thread-3 (]: SQL status: ALTER TABLE in 0.001 seconds
[0m13:33:18.537124 [debug] [Thread-3 (]: On model.dw_bootcamp.mart_delay_causes_long: COMMIT
[0m13:33:18.537793 [debug] [Thread-3 (]: Using postgres connection "model.dw_bootcamp.mart_delay_causes_long"
[0m13:33:18.538390 [debug] [Thread-3 (]: On model.dw_bootcamp.mart_delay_causes_long: COMMIT
[0m13:33:18.627645 [debug] [Thread-3 (]: SQL status: COMMIT in 0.088 seconds
[0m13:33:18.631029 [debug] [Thread-3 (]: Applying DROP to: "dbt_db"."public"."mart_delay_causes_long__dbt_backup"
[0m13:33:18.633168 [debug] [Thread-3 (]: Using postgres connection "model.dw_bootcamp.mart_delay_causes_long"
[0m13:33:18.633695 [debug] [Thread-3 (]: On model.dw_bootcamp.mart_delay_causes_long: /* {"app": "dbt", "dbt_version": "1.12.0", "profile_name": "dw_bootcamp", "target_name": "dev", "node_id": "model.dw_bootcamp.mart_delay_causes_long"} */
drop table if exists "dbt_db"."public"."mart_delay_causes_long__dbt_backup" cascade
[0m13:33:18.635193 [debug] [Thread-3 (]: SQL status: DROP TABLE in 0.001 seconds
[0m13:33:18.636814 [debug] [Thread-3 (]: On model.dw_bootcamp.mart_delay_causes_long: Close
[0m13:33:18.638170 [debug] [Thread-3 (]: Sending event: {'category': 'dbt', 'action': 'run_model', 'label': '36fe0210-c312-4043-86da-291ee9cfe4f9', 'context': [<snowplow_tracker.self_describing_json.SelfDescribingJson object at 0x0000015128B2CC20>]}
[0m13:33:18.639381 [info ] [Thread-3 (]: 3 of 5 OK created sql table model public.mart_delay_causes_long ................ [[32mSELECT 1590085[0m in 2.61s]
[0m13:33:18.640595 [debug] [Thread-3 (]: Finished running node model.dw_bootcamp.mart_delay_causes_long
[0m13:33:18.642831 [debug] [MainThread]: On master: COMMIT
[0m13:33:18.644083 [debug] [MainThread]: Using postgres connection "master"
[0m13:33:18.644847 [debug] [MainThread]: On master: COMMIT
[0m13:33:18.645377 [debug] [MainThread]: Opening a new connection, currently in state closed
[0m13:33:18.672549 [debug] [MainThread]: SQL status: COMMIT in 0.027 seconds
[0m13:33:18.674305 [debug] [MainThread]: On master: Close
[0m13:33:18.675816 [debug] [MainThread]: Connection 'master' was properly closed.
[0m13:33:18.677437 [debug] [MainThread]: Connection 'list_dbt_db' was properly closed.
[0m13:33:18.678298 [debug] [MainThread]: Connection 'list_dbt_db_public' was properly closed.
[0m13:33:18.679125 [debug] [MainThread]: Connection 'model.dw_bootcamp.mart_airport_performance' was properly closed.
[0m13:33:18.679664 [debug] [MainThread]: Connection 'model.dw_bootcamp.mart_monthly_kpis' was properly closed.
[0m13:33:18.680158 [debug] [MainThread]: Connection 'model.dw_bootcamp.mart_carrier_performance' was properly closed.
[0m13:33:18.680877 [debug] [MainThread]: Connection 'model.dw_bootcamp.mart_delay_causes_long' was properly closed.
[0m13:33:18.681597 [info ] [MainThread]: 
[0m13:33:18.682185 [info ] [MainThread]: Finished running 5 table models in 0 hours 0 minutes and 2.92 seconds (2.92s).
[0m13:33:18.684651 [debug] [MainThread]: Command end result
[0m13:33:18.815843 [debug] [MainThread]: Wrote artifact WritableManifest to C:\Users\Ian\OneDrive\Área de Trabalho\DW_PROJECT\2_data_warehouse\dw_bootcamp\target\manifest.json
[0m13:33:18.820216 [debug] [MainThread]: Wrote artifact SemanticManifest to C:\Users\Ian\OneDrive\Área de Trabalho\DW_PROJECT\2_data_warehouse\dw_bootcamp\target\semantic_manifest.json
[0m13:33:18.824867 [debug] [MainThread]: Wrote artifact OsiDocument to C:\Users\Ian\OneDrive\Área de Trabalho\DW_PROJECT\2_data_warehouse\dw_bootcamp\target\osi_document.json
[0m13:33:18.840678 [debug] [MainThread]: Wrote artifact RunExecutionResult to C:\Users\Ian\OneDrive\Área de Trabalho\DW_PROJECT\2_data_warehouse\dw_bootcamp\target\run_results.json
[0m13:33:18.841480 [info ] [MainThread]: 
[0m13:33:18.842577 [info ] [MainThread]: [32mCompleted successfully[0m
[0m13:33:18.845072 [info ] [MainThread]: 
[0m13:33:18.846082 [info ] [MainThread]: Done. PASS=5 WARN=0 ERROR=0 SKIP=0 NO-OP=0 REUSED=0 TOTAL=5
[0m13:33:18.849438 [debug] [MainThread]: Command `dbt run` succeeded at 13:33:18.849039 after 4.73 seconds
[0m13:33:18.850284 [debug] [MainThread]: Sending event: {'category': 'dbt', 'action': 'invocation', 'label': 'end', 'context': [<snowplow_tracker.self_describing_json.SelfDescribingJson object at 0x0000015128B3B7D0>, <snowplow_tracker.self_describing_json.SelfDescribingJson object at 0x00000151255726F0>, <snowplow_tracker.self_describing_json.SelfDescribingJson object at 0x0000015127BB1550>]}
[0m13:33:18.850995 [debug] [MainThread]: Flushing usage events
[0m13:33:19.444658 [debug] [MainThread]: An error was encountered while trying to flush usage events
[0m13:37:40.196009 [debug] [MainThread]: Sending event: {'category': 'dbt', 'action': 'invocation', 'label': 'start', 'context': [<snowplow_tracker.self_describing_json.SelfDescribingJson object at 0x000001DAA1678D70>, <snowplow_tracker.self_describing_json.SelfDescribingJson object at 0x000001DA9EEED1D0>, <snowplow_tracker.self_describing_json.SelfDescribingJson object at 0x000001DAA3F63890>]}


============================== 13:37:40.201212 | 3d0a29fd-8405-4902-96e0-23f9f1cf75ae ==============================
[0m13:37:40.201212 [info ] [MainThread]: Running with dbt=1.12.0
[0m13:37:40.202003 [debug] [MainThread]: running dbt with arguments {'maximum_seed_size_mib': '1', 'no_print': 'None', 'version_check': 'True', 'target_path': 'None', 'warn_error_options': 'WarnErrorOptionsV2(error=[], warn=[], silence=[])', 'static_parser': 'True', 'printer_width': '80', 'write_json': 'True', 'introspect': 'True', 'log_cache_events': 'False', 'empty': 'None', 'cache_selected_only': 'False', 'log_format': 'default', 'debug': 'False', 'fail_fast': 'False', 'partial_parse': 'True', 'send_anonymous_usage_stats': 'True', 'quiet': 'False', 'warn_error': 'None', 'profiles_dir': 'C:\\Users\\Ian\\OneDrive\\Área de Trabalho\\DW_PROJECT\\2_data_warehouse\\dw_bootcamp', 'indirect_selection': 'eager', 'hints_enabled': 'True', 'invocation_command': 'dbt docs generate', 'use_experimental_parser': 'False', 'use_colors': 'True', 'log_path': 'C:\\Users\\Ian\\OneDrive\\Área de Trabalho\\DW_PROJECT\\2_data_warehouse\\dw_bootcamp\\logs'}
[0m13:37:40.477443 [debug] [MainThread]: Sending event: {'category': 'dbt', 'action': 'project_id', 'label': '3d0a29fd-8405-4902-96e0-23f9f1cf75ae', 'context': [<snowplow_tracker.self_describing_json.SelfDescribingJson object at 0x000001DAA3EDB100>]}
[0m13:37:40.560854 [debug] [MainThread]: Sending event: {'category': 'dbt', 'action': 'adapter_info', 'label': '3d0a29fd-8405-4902-96e0-23f9f1cf75ae', 'context': [<snowplow_tracker.self_describing_json.SelfDescribingJson object at 0x000001DAA3D4DAE0>]}
[0m13:37:40.563339 [info ] [MainThread]: Registered adapter: postgres=1.11.0
[0m13:37:41.008178 [debug] [MainThread]: checksum: 405a9d657d6f6c8dad658f9546ce79d95769a20c4dd31677d4c9579477a65c57, vars: {}, profile: dw_bootcamp, target: dev, version: 1.12.0
[0m13:37:41.299570 [debug] [MainThread]: Partial parsing enabled: 0 files deleted, 0 files added, 0 files changed.
[0m13:37:41.299933 [debug] [MainThread]: Nothing changed, skipping partial parsing.
[0m13:37:41.300193 [debug] [MainThread]: Partial parsing enabled, no changes found, skipping parsing
[0m13:37:41.311292 [debug] [MainThread]: Sending event: {'category': 'dbt', 'action': 'load_project', 'label': '3d0a29fd-8405-4902-96e0-23f9f1cf75ae', 'context': [<snowplow_tracker.self_describing_json.SelfDescribingJson object at 0x000001DAA4052250>]}
[0m13:37:41.426413 [debug] [MainThread]: Sending event: {'category': 'dbt', 'action': 'resource_counts', 'label': '3d0a29fd-8405-4902-96e0-23f9f1cf75ae', 'context': [<snowplow_tracker.self_describing_json.SelfDescribingJson object at 0x000001DAA4A61F40>]}
[0m13:37:41.426883 [info ] [MainThread]: Found 1 seed, 10 models, 901 macros
[0m13:37:41.427301 [debug] [MainThread]: Sending event: {'category': 'dbt', 'action': 'runnable_timing', 'label': '3d0a29fd-8405-4902-96e0-23f9f1cf75ae', 'context': [<snowplow_tracker.self_describing_json.SelfDescribingJson object at 0x000001DAA4D7FE70>]}
[0m13:37:41.429288 [info ] [MainThread]: 
[0m13:37:41.429685 [info ] [MainThread]: Concurrency: 4 threads (target='dev')
[0m13:37:41.430039 [info ] [MainThread]: 
[0m13:37:41.430567 [debug] [MainThread]: Acquiring new postgres connection 'master'
[0m13:37:41.434801 [debug] [ThreadPool]: Acquiring new postgres connection 'list_dbt_db_public'
[0m13:37:41.647016 [debug] [ThreadPool]: Using postgres connection "list_dbt_db_public"
[0m13:37:41.647429 [debug] [ThreadPool]: On list_dbt_db_public: /* {"app": "dbt", "dbt_version": "1.12.0", "profile_name": "dw_bootcamp", "target_name": "dev", "connection_name": "list_dbt_db_public"} */
select
      'dbt_db' as database,
      tablename as name,
      schemaname as schema,
      'table' as type
    from pg_tables
    where schemaname ilike 'public'
    union all
    select
      'dbt_db' as database,
      viewname as name,
      schemaname as schema,
      'view' as type
    from pg_views
    where schemaname ilike 'public'
    union all
    select
      'dbt_db' as database,
      matviewname as name,
      schemaname as schema,
      'materialized_view' as type
    from pg_matviews
    where schemaname ilike 'public'
    union all
    select distinct
     'dbt_db' as database,
     proname as name,
     ns.nspname as schema,
     'function' as type
    from pg_proc
     join pg_namespace as ns on pronamespace = ns.oid
    where ns.nspname ilike 'public'
  
[0m13:37:41.647802 [debug] [ThreadPool]: Opening a new connection, currently in state init
[0m13:37:41.716443 [debug] [ThreadPool]: SQL status: SELECT 11 in 0.069 seconds
[0m13:37:41.717813 [debug] [ThreadPool]: On list_dbt_db_public: ROLLBACK
[0m13:37:41.718619 [debug] [ThreadPool]: On list_dbt_db_public: Close
[0m13:37:41.725287 [debug] [MainThread]: Using postgres connection "master"
[0m13:37:41.725742 [debug] [MainThread]: On master: /* {"app": "dbt", "dbt_version": "1.12.0", "profile_name": "dw_bootcamp", "target_name": "dev", "connection_name": "master"} */
select distinct
        dependent_namespace.nspname as dependent_schema,
        dependent_class.relname as dependent_name,
        referenced_namespace.nspname as referenced_schema,
        referenced_class.relname as referenced_name

    -- Query for views: views are entries in pg_class with an entry in pg_rewrite, but we avoid
    -- a seq scan on pg_rewrite by leveraging the fact there is an "internal" row in pg_depend for
    -- the view...
    from pg_class as dependent_class
    join pg_namespace as dependent_namespace on dependent_namespace.oid = dependent_class.relnamespace
    join pg_depend as dependent_depend on dependent_depend.refobjid = dependent_class.oid
        and dependent_depend.classid = 'pg_rewrite'::regclass
        and dependent_depend.refclassid = 'pg_class'::regclass
        and dependent_depend.deptype = 'i'

    -- ... and via pg_depend (that has a row per column, hence the need for "distinct" above, and
    -- making sure to exclude the internal row to avoid a view appearing to depend on itself)...
    join pg_depend as joining_depend on joining_depend.objid = dependent_depend.objid
        and joining_depend.classid = 'pg_rewrite'::regclass
        and joining_depend.refclassid = 'pg_class'::regclass
        and joining_depend.refobjid != dependent_depend.refobjid

    -- ... we can find the tables they query from in pg_class, but excluding system tables. Note we
    -- don't need need to exclude _dependent_ system tables, because they only query from other
    -- system tables, and so are automatically excluded by excluding _referenced_ system tables
    join pg_class as referenced_class on referenced_class.oid = joining_depend.refobjid
    join pg_namespace as referenced_namespace on referenced_namespace.oid = referenced_class.relnamespace
        and referenced_namespace.nspname != 'information_schema'
        and referenced_namespace.nspname not like 'pg\_%'

    order by
        dependent_schema, dependent_name, referenced_schema, referenced_name;
[0m13:37:41.726089 [debug] [MainThread]: Opening a new connection, currently in state init
[0m13:37:41.745571 [debug] [MainThread]: SQL status: SELECT 1 in 0.019 seconds
[0m13:37:41.747866 [debug] [MainThread]: Sending event: {'category': 'dbt', 'action': 'runnable_timing', 'label': '3d0a29fd-8405-4902-96e0-23f9f1cf75ae', 'context': [<snowplow_tracker.self_describing_json.SelfDescribingJson object at 0x000001DAA4942A90>]}
[0m13:37:41.748262 [debug] [MainThread]: On master: ROLLBACK
[0m13:37:41.749167 [debug] [MainThread]: On master: Close
[0m13:37:41.759340 [debug] [Thread-1 (]: Began running node seed.dw_bootcamp.Airline_Delay_Cause
[0m13:37:41.760583 [debug] [Thread-1 (]: Acquiring new postgres connection 'seed.dw_bootcamp.Airline_Delay_Cause'
[0m13:37:41.761100 [debug] [Thread-1 (]: Began compiling node seed.dw_bootcamp.Airline_Delay_Cause
[0m13:37:41.766343 [debug] [Thread-1 (]: Began executing node seed.dw_bootcamp.Airline_Delay_Cause
[0m13:37:41.767092 [debug] [Thread-1 (]: Finished running node seed.dw_bootcamp.Airline_Delay_Cause
[0m13:37:41.767812 [debug] [Thread-2 (]: Began running node model.dw_bootcamp.stg_airline_delay_cause
[0m13:37:41.768356 [debug] [Thread-2 (]: Acquiring new postgres connection 'model.dw_bootcamp.stg_airline_delay_cause'
[0m13:37:41.768739 [debug] [Thread-2 (]: Began compiling node model.dw_bootcamp.stg_airline_delay_cause
[0m13:37:41.770910 [debug] [Thread-2 (]: Writing injected SQL for node "model.dw_bootcamp.stg_airline_delay_cause"
[0m13:37:41.773307 [debug] [Thread-2 (]: Began executing node model.dw_bootcamp.stg_airline_delay_cause
[0m13:37:41.774238 [debug] [Thread-2 (]: Finished running node model.dw_bootcamp.stg_airline_delay_cause
[0m13:37:41.774936 [debug] [Thread-2 (]: Began running node model.dw_bootcamp.int_fct_flight_delays
[0m13:37:41.775825 [debug] [Thread-2 (]: Re-using an available connection from the pool (formerly model.dw_bootcamp.stg_airline_delay_cause, now model.dw_bootcamp.int_fct_flight_delays)
[0m13:37:41.776689 [debug] [Thread-2 (]: Began compiling node model.dw_bootcamp.int_fct_flight_delays
[0m13:37:41.779034 [debug] [Thread-2 (]: Writing injected SQL for node "model.dw_bootcamp.int_fct_flight_delays"
[0m13:37:41.776293 [debug] [Thread-3 (]: Began running node model.dw_bootcamp.int_dim_airport
[0m13:37:41.780026 [debug] [Thread-3 (]: Acquiring new postgres connection 'model.dw_bootcamp.int_dim_airport'
[0m13:37:41.775307 [debug] [Thread-4 (]: Began running node model.dw_bootcamp.int_dim_carrier
[0m13:37:41.780927 [debug] [Thread-4 (]: Acquiring new postgres connection 'model.dw_bootcamp.int_dim_carrier'
[0m13:37:41.779463 [debug] [Thread-1 (]: Began running node model.dw_bootcamp.int_dim_month
[0m13:37:41.782006 [debug] [Thread-1 (]: Re-using an available connection from the pool (formerly seed.dw_bootcamp.Airline_Delay_Cause, now model.dw_bootcamp.int_dim_month)
[0m13:37:41.780392 [debug] [Thread-3 (]: Began compiling node model.dw_bootcamp.int_dim_airport
[0m13:37:41.783975 [debug] [Thread-3 (]: Writing injected SQL for node "model.dw_bootcamp.int_dim_airport"
[0m13:37:41.781269 [debug] [Thread-4 (]: Began compiling node model.dw_bootcamp.int_dim_carrier
[0m13:37:41.782357 [debug] [Thread-1 (]: Began compiling node model.dw_bootcamp.int_dim_month
[0m13:37:41.781627 [debug] [Thread-2 (]: Began executing node model.dw_bootcamp.int_fct_flight_delays
[0m13:37:41.785555 [debug] [Thread-4 (]: Writing injected SQL for node "model.dw_bootcamp.int_dim_carrier"
[0m13:37:41.787356 [debug] [Thread-1 (]: Writing injected SQL for node "model.dw_bootcamp.int_dim_month"
[0m13:37:41.789300 [debug] [Thread-2 (]: Finished running node model.dw_bootcamp.int_fct_flight_delays
[0m13:37:41.791136 [debug] [Thread-3 (]: Began executing node model.dw_bootcamp.int_dim_airport
[0m13:37:41.793298 [debug] [Thread-3 (]: Finished running node model.dw_bootcamp.int_dim_airport
[0m13:37:41.794055 [debug] [Thread-2 (]: Began running node model.dw_bootcamp.mart_delay_causes_long
[0m13:37:41.795213 [debug] [Thread-2 (]: Re-using an available connection from the pool (formerly model.dw_bootcamp.int_fct_flight_delays, now model.dw_bootcamp.mart_delay_causes_long)
[0m13:37:41.794538 [debug] [Thread-3 (]: Began running node model.dw_bootcamp.mart_delay_causes_share_month
[0m13:37:41.796002 [debug] [Thread-2 (]: Began compiling node model.dw_bootcamp.mart_delay_causes_long
[0m13:37:41.796563 [debug] [Thread-4 (]: Began executing node model.dw_bootcamp.int_dim_carrier
[0m13:37:41.797702 [debug] [Thread-3 (]: Re-using an available connection from the pool (formerly model.dw_bootcamp.int_dim_airport, now model.dw_bootcamp.mart_delay_causes_share_month)
[0m13:37:41.798221 [debug] [Thread-1 (]: Began executing node model.dw_bootcamp.int_dim_month
[0m13:37:41.800287 [debug] [Thread-2 (]: Writing injected SQL for node "model.dw_bootcamp.mart_delay_causes_long"
[0m13:37:41.801306 [debug] [Thread-4 (]: Finished running node model.dw_bootcamp.int_dim_carrier
[0m13:37:41.803013 [debug] [Thread-4 (]: Began running node model.dw_bootcamp.mart_airport_performance
[0m13:37:41.803861 [debug] [Thread-4 (]: Re-using an available connection from the pool (formerly model.dw_bootcamp.int_dim_carrier, now model.dw_bootcamp.mart_airport_performance)
[0m13:37:41.801747 [debug] [Thread-3 (]: Began compiling node model.dw_bootcamp.mart_delay_causes_share_month
[0m13:37:41.802457 [debug] [Thread-1 (]: Finished running node model.dw_bootcamp.int_dim_month
[0m13:37:41.804355 [debug] [Thread-4 (]: Began compiling node model.dw_bootcamp.mart_airport_performance
[0m13:37:41.806806 [debug] [Thread-3 (]: Writing injected SQL for node "model.dw_bootcamp.mart_delay_causes_share_month"
[0m13:37:41.807389 [debug] [Thread-1 (]: Began running node model.dw_bootcamp.mart_carrier_performance
[0m13:37:41.807850 [debug] [Thread-2 (]: Began executing node model.dw_bootcamp.mart_delay_causes_long
[0m13:37:41.811140 [debug] [Thread-2 (]: Finished running node model.dw_bootcamp.mart_delay_causes_long
[0m13:37:41.811498 [debug] [Thread-2 (]: Began running node model.dw_bootcamp.mart_monthly_kpis
[0m13:37:41.809891 [debug] [Thread-4 (]: Writing injected SQL for node "model.dw_bootcamp.mart_airport_performance"
[0m13:37:41.810467 [debug] [Thread-1 (]: Re-using an available connection from the pool (formerly model.dw_bootcamp.int_dim_month, now model.dw_bootcamp.mart_carrier_performance)
[0m13:37:41.812434 [debug] [Thread-1 (]: Began compiling node model.dw_bootcamp.mart_carrier_performance
[0m13:37:41.815177 [debug] [Thread-1 (]: Writing injected SQL for node "model.dw_bootcamp.mart_carrier_performance"
[0m13:37:41.811849 [debug] [Thread-2 (]: Re-using an available connection from the pool (formerly model.dw_bootcamp.mart_delay_causes_long, now model.dw_bootcamp.mart_monthly_kpis)
[0m13:37:41.812814 [debug] [Thread-3 (]: Began executing node model.dw_bootcamp.mart_delay_causes_share_month
[0m13:37:41.816406 [debug] [Thread-3 (]: Finished running node model.dw_bootcamp.mart_delay_causes_share_month
[0m13:37:41.815717 [debug] [Thread-2 (]: Began compiling node model.dw_bootcamp.mart_monthly_kpis
[0m13:37:41.818443 [debug] [Thread-2 (]: Writing injected SQL for node "model.dw_bootcamp.mart_monthly_kpis"
[0m13:37:41.818831 [debug] [Thread-4 (]: Began executing node model.dw_bootcamp.mart_airport_performance
[0m13:37:41.819601 [debug] [Thread-4 (]: Finished running node model.dw_bootcamp.mart_airport_performance
[0m13:37:41.819940 [debug] [Thread-1 (]: Began executing node model.dw_bootcamp.mart_carrier_performance
[0m13:37:41.820953 [debug] [Thread-1 (]: Finished running node model.dw_bootcamp.mart_carrier_performance
[0m13:37:41.823711 [debug] [Thread-2 (]: Began executing node model.dw_bootcamp.mart_monthly_kpis
[0m13:37:41.825286 [debug] [Thread-2 (]: Finished running node model.dw_bootcamp.mart_monthly_kpis
[0m13:37:41.826838 [debug] [MainThread]: Connection 'master' was properly closed.
[0m13:37:41.827205 [debug] [MainThread]: Connection 'list_dbt_db_public' was properly closed.
[0m13:37:41.827467 [debug] [MainThread]: Connection 'model.dw_bootcamp.mart_carrier_performance' was properly closed.
[0m13:37:41.827712 [debug] [MainThread]: Connection 'model.dw_bootcamp.mart_monthly_kpis' was properly closed.
[0m13:37:41.827957 [debug] [MainThread]: Connection 'model.dw_bootcamp.mart_delay_causes_share_month' was properly closed.
[0m13:37:41.828199 [debug] [MainThread]: Connection 'model.dw_bootcamp.mart_airport_performance' was properly closed.
[0m13:37:41.830662 [debug] [MainThread]: Command end result
[0m13:37:41.962948 [debug] [MainThread]: Wrote artifact WritableManifest to C:\Users\Ian\OneDrive\Área de Trabalho\DW_PROJECT\2_data_warehouse\dw_bootcamp\target\manifest.json
[0m13:37:41.969475 [debug] [MainThread]: Wrote artifact SemanticManifest to C:\Users\Ian\OneDrive\Área de Trabalho\DW_PROJECT\2_data_warehouse\dw_bootcamp\target\semantic_manifest.json
[0m13:37:42.031870 [debug] [MainThread]: Wrote artifact OsiDocument to C:\Users\Ian\OneDrive\Área de Trabalho\DW_PROJECT\2_data_warehouse\dw_bootcamp\target\osi_document.json
[0m13:37:42.042512 [debug] [MainThread]: Wrote artifact RunExecutionResult to C:\Users\Ian\OneDrive\Área de Trabalho\DW_PROJECT\2_data_warehouse\dw_bootcamp\target\run_results.json
[0m13:37:42.260727 [debug] [MainThread]: Acquiring new postgres connection 'generate_catalog'
[0m13:37:42.261084 [info ] [MainThread]: Building catalog
[0m13:37:42.270475 [debug] [ThreadPool]: Acquiring new postgres connection 'dbt_db.information_schema'
[0m13:37:42.280534 [debug] [ThreadPool]: Using postgres connection "dbt_db.information_schema"
[0m13:37:42.281144 [debug] [ThreadPool]: On dbt_db.information_schema: /* {"app": "dbt", "dbt_version": "1.12.0", "profile_name": "dw_bootcamp", "target_name": "dev", "connection_name": "dbt_db.information_schema"} */

    
    

    select
        'dbt_db' as table_database,
        sch.nspname as table_schema,
        tbl.relname as table_name,
        case tbl.relkind
            when 'v' then 'VIEW'
            when 'm' then 'MATERIALIZED VIEW'
            else 'BASE TABLE'
        end as table_type,
        tbl_desc.description as table_comment,
        col.attname as column_name,
        col.attnum as column_index,
        pg_catalog.format_type(col.atttypid, col.atttypmod) as column_type,
        col_desc.description as column_comment,
        pg_get_userbyid(tbl.relowner) as table_owner

    from pg_catalog.pg_namespace sch
    join pg_catalog.pg_class tbl on tbl.relnamespace = sch.oid
    join pg_catalog.pg_attribute col on col.attrelid = tbl.oid
    left outer join pg_catalog.pg_description tbl_desc on (tbl_desc.objoid = tbl.oid and tbl_desc.objsubid = 0)
    left outer join pg_catalog.pg_description col_desc on (col_desc.objoid = tbl.oid and col_desc.objsubid = col.attnum)
    where ((upper(sch.nspname) = upper('public') and
           upper(tbl.relname) = upper('int_dim_month')) or (upper(sch.nspname) = upper('public') and
           upper(tbl.relname) = upper('mart_delay_causes_long')) or (upper(sch.nspname) = upper('public') and
           upper(tbl.relname) = upper('int_dim_airport')) or (upper(sch.nspname) = upper('public') and
           upper(tbl.relname) = upper('mart_monthly_kpis')) or (upper(sch.nspname) = upper('public') and
           upper(tbl.relname) = upper('mart_delay_causes_share_month')) or (upper(sch.nspname) = upper('public') and
           upper(tbl.relname) = upper('int_dim_carrier')) or (upper(sch.nspname) = upper('public') and
           upper(tbl.relname) = upper('stg_airline_delay_cause')) or (upper(sch.nspname) = upper('public') and
           upper(tbl.relname) = upper('int_fct_flight_delays')) or (upper(sch.nspname) = upper('public') and
           upper(tbl.relname) = upper('mart_airport_performance')) or (upper(sch.nspname) = upper('public') and
           upper(tbl.relname) = upper('Airline_Delay_Cause')) or (upper(sch.nspname) = upper('public') and
           upper(tbl.relname) = upper('mart_carrier_performance')))
      and not pg_is_other_temp_schema(sch.oid) -- not a temporary schema belonging to another session
      and tbl.relpersistence in ('p', 'u') -- [p]ermanent table or [u]nlogged table. Exclude [t]emporary tables
      and tbl.relkind in ('r', 'v', 'f', 'p', 'm') -- o[r]dinary table, [v]iew, [f]oreign table, [p]artitioned table, [m]aterialized view. Other values are [i]ndex, [S]equence, [c]omposite type, [t]OAST table
      and col.attnum > 0 -- negative numbers are used for system columns such as oid
      and not col.attisdropped -- column as not been dropped

    order by
        sch.nspname,
        tbl.relname,
        col.attnum
[0m13:37:42.281597 [debug] [ThreadPool]: Opening a new connection, currently in state init
[0m13:37:42.312477 [debug] [ThreadPool]: SQL status: SELECT 103 in 0.031 seconds
[0m13:37:42.316766 [debug] [ThreadPool]: On dbt_db.information_schema: ROLLBACK
[0m13:37:42.317893 [debug] [ThreadPool]: On dbt_db.information_schema: Close
[0m13:37:42.346346 [debug] [MainThread]: Wrote artifact CatalogArtifact to C:\Users\Ian\OneDrive\Área de Trabalho\DW_PROJECT\2_data_warehouse\dw_bootcamp\target\catalog.json
[0m13:37:42.455239 [debug] [MainThread]: Wrote artifact WritableManifest to C:\Users\Ian\OneDrive\Área de Trabalho\DW_PROJECT\2_data_warehouse\dw_bootcamp\target\manifest.json
[0m13:37:42.467247 [debug] [MainThread]: Wrote artifact SemanticManifest to C:\Users\Ian\OneDrive\Área de Trabalho\DW_PROJECT\2_data_warehouse\dw_bootcamp\target\semantic_manifest.json
[0m13:37:42.476521 [debug] [MainThread]: Wrote artifact OsiDocument to C:\Users\Ian\OneDrive\Área de Trabalho\DW_PROJECT\2_data_warehouse\dw_bootcamp\target\osi_document.json
[0m13:37:42.477087 [info ] [MainThread]: Catalog written to C:\Users\Ian\OneDrive\Área de Trabalho\DW_PROJECT\2_data_warehouse\dw_bootcamp\target\catalog.json
[0m13:37:42.478743 [debug] [MainThread]: Command `dbt docs generate` succeeded at 13:37:42.478538 after 2.74 seconds
[0m13:37:42.479241 [debug] [MainThread]: Connection 'generate_catalog' was properly closed.
[0m13:37:42.479595 [debug] [MainThread]: Connection 'dbt_db.information_schema' was properly closed.
[0m13:37:42.479958 [debug] [MainThread]: Sending event: {'category': 'dbt', 'action': 'invocation', 'label': 'end', 'context': [<snowplow_tracker.self_describing_json.SelfDescribingJson object at 0x000001DAA4FA6750>, <snowplow_tracker.self_describing_json.SelfDescribingJson object at 0x000001DAA4FC3E30>, <snowplow_tracker.self_describing_json.SelfDescribingJson object at 0x000001DAA4FC3C20>]}
[0m13:37:42.480445 [debug] [MainThread]: Flushing usage events
[0m13:37:43.161994 [debug] [MainThread]: An error was encountered while trying to flush usage events
[0m13:38:17.485564 [debug] [MainThread]: Sending event: {'category': 'dbt', 'action': 'invocation', 'label': 'start', 'context': [<snowplow_tracker.self_describing_json.SelfDescribingJson object at 0x00000271879E8D70>, <snowplow_tracker.self_describing_json.SelfDescribingJson object at 0x000002718525D1D0>, <snowplow_tracker.self_describing_json.SelfDescribingJson object at 0x000002718A283890>]}


============================== 13:38:17.489728 | b211068c-19bb-4d87-96a4-8a4965d000df ==============================
[0m13:38:17.489728 [info ] [MainThread]: Running with dbt=1.12.0
[0m13:38:17.490422 [debug] [MainThread]: running dbt with arguments {'static_parser': 'True', 'no_print': 'None', 'maximum_seed_size_mib': '1', 'warn_error_options': 'WarnErrorOptionsV2(error=[], warn=[], silence=[])', 'target_path': 'None', 'version_check': 'True', 'printer_width': '80', 'write_json': 'True', 'empty': 'None', 'log_cache_events': 'False', 'introspect': 'True', 'cache_selected_only': 'False', 'log_format': 'default', 'debug': 'False', 'fail_fast': 'False', 'partial_parse': 'True', 'send_anonymous_usage_stats': 'True', 'quiet': 'False', 'warn_error': 'None', 'profiles_dir': 'C:\\Users\\Ian\\OneDrive\\Área de Trabalho\\DW_PROJECT\\2_data_warehouse\\dw_bootcamp', 'use_colors': 'True', 'hints_enabled': 'True', 'invocation_command': 'dbt docs serve --port 8885', 'use_experimental_parser': 'False', 'indirect_selection': 'eager', 'log_path': 'C:\\Users\\Ian\\OneDrive\\Área de Trabalho\\DW_PROJECT\\2_data_warehouse\\dw_bootcamp\\logs'}
[0m13:38:17.682778 [debug] [MainThread]: Sending event: {'category': 'dbt', 'action': 'project_id', 'label': 'b211068c-19bb-4d87-96a4-8a4965d000df', 'context': [<snowplow_tracker.self_describing_json.SelfDescribingJson object at 0x000002718A3696E0>]}
[0m13:38:17.768572 [debug] [MainThread]: Sending event: {'category': 'dbt', 'action': 'adapter_info', 'label': 'b211068c-19bb-4d87-96a4-8a4965d000df', 'context': [<snowplow_tracker.self_describing_json.SelfDescribingJson object at 0x000002718A2FBBD0>]}
